problem,instance,method,backend,estimator_objective_evaluations,estimator_requested_shots,estimator_resilience_level,estimator_custom_mitigation_options,sampler_final_sampling_shots,sampler_custom_noise_management_options,final_bitstrings_from_raw_default_sampler,runtime_usage_seconds_if_available,wall_clock_seconds_if_available,paired_level0_overhead_measured,overhead_reporting_note
MSP,ms_seed0_prod2,cvar_vqe,ibm_fez;ibm_marrakesh;ibm_torino,200,1000,2,none,1000,none,true,not_available_in_archived_metadata,3102.96,false,"Runtime-managed Estimator mitigation was requested through resilience_level=2. No paired resilience_level=0 execution was performed, so a circuit-specific mitigation-overhead multiplier is not estimated retrospectively."
MSP,ms_seed0_prod3,cvar_vqe,ibm_fez;ibm_marrakesh;ibm_torino,200,1000,2,none,1000,none,true,not_available_in_archived_metadata,2524.66,false,"Runtime-managed Estimator mitigation was requested through resilience_level=2. No paired resilience_level=0 execution was performed, so a circuit-specific mitigation-overhead multiplier is not estimated retrospectively."
MSP,ms_seed0_prod4,cvar_vqe,ibm_fez;ibm_marrakesh;ibm_torino,200,1000,2,none,1000,none,true,not_available_in_archived_metadata,2795.36,false,"Runtime-managed Estimator mitigation was requested through resilience_level=2. No paired resilience_level=0 execution was performed, so a circuit-specific mitigation-overhead multiplier is not estimated retrospectively."
MSP,ms_seed0_prod5,cvar_vqe,ibm_fez;ibm_marrakesh;ibm_torino,200,1000,2,none,1000,none,true,not_available_in_archived_metadata,3660.26,false,"Runtime-managed Estimator mitigation was requested through resilience_level=2. No paired resilience_level=0 execution was performed, so a circuit-specific mitigation-overhead multiplier is not estimated retrospectively."
MSP,ms_seed1_prod2,cvar_vqe,ibm_fez;ibm_marrakesh;ibm_torino,200,1000,2,none,1000,none,true,not_available_in_archived_metadata,5982.58,false,"Runtime-managed Estimator mitigation was requested through resilience_level=2. No paired resilience_level=0 execution was performed, so a circuit-specific mitigation-overhead multiplier is not estimated retrospectively."
MSP,ms_seed1_prod3,cvar_vqe,ibm_fez;ibm_marrakesh;ibm_torino,200,1000,2,none,1000,none,true,not_available_in_archived_metadata,3451.67,false,"Runtime-managed Estimator mitigation was requested through resilience_level=2. No paired resilience_level=0 execution was performed, so a circuit-specific mitigation-overhead multiplier is not estimated retrospectively."
MSP,ms_seed1_prod4,cvar_vqe,ibm_fez;ibm_marrakesh;ibm_torino,200,1000,2,none,1000,none,true,not_available_in_archived_metadata,4761.41,false,"Runtime-managed Estimator mitigation was requested through resilience_level=2. No paired resilience_level=0 execution was performed, so a circuit-specific mitigation-overhead multiplier is not estimated retrospectively."
MSP,ms_seed1_prod5,cvar_vqe,ibm_fez;ibm_marrakesh;ibm_torino,200,1000,2,none,1000,none,true,not_available_in_archived_metadata,3664.55,false,"Runtime-managed Estimator mitigation was requested through resilience_level=2. No paired resilience_level=0 execution was performed, so a circuit-specific mitigation-overhead multiplier is not estimated retrospectively."
MSP,ms_seed0_prod2,ma_qaoa,ibm_fez;ibm_marrakesh;ibm_torino,200,1000,2,none,1000,none,true,not_available_in_archived_metadata,4151.54,false,"Runtime-managed Estimator mitigation was requested through resilience_level=2. No paired resilience_level=0 execution was performed, so a circuit-specific mitigation-overhead multiplier is not estimated retrospectively."
MSP,ms_seed0_prod3,ma_qaoa,ibm_fez;ibm_marrakesh;ibm_torino,200,1000,2,none,1000,none,true,not_available_in_archived_metadata,4263.8,false,"Runtime-managed Estimator mitigation was requested through resilience_level=2. No paired resilience_level=0 execution was performed, so a circuit-specific mitigation-overhead multiplier is not estimated retrospectively."
MSP,ms_seed0_prod4,ma_qaoa,ibm_fez;ibm_marrakesh;ibm_torino,200,1000,2,none,1000,none,true,not_available_in_archived_metadata,8029.91,false,"Runtime-managed Estimator mitigation was requested through resilience_level=2. No paired resilience_level=0 execution was performed, so a circuit-specific mitigation-overhead multiplier is not estimated retrospectively."
MSP,ms_seed0_prod5,ma_qaoa,ibm_fez;ibm_marrakesh;ibm_torino,200,1000,2,none,1000,none,true,not_available_in_archived_metadata,11258.6,false,"Runtime-managed Estimator mitigation was requested through resilience_level=2. No paired resilience_level=0 execution was performed, so a circuit-specific mitigation-overhead multiplier is not estimated retrospectively."
MSP,ms_seed1_prod2,ma_qaoa,ibm_fez;ibm_marrakesh;ibm_torino,200,1000,2,none,1000,none,true,not_available_in_archived_metadata,3707.83,false,"Runtime-managed Estimator mitigation was requested through resilience_level=2. No paired resilience_level=0 execution was performed, so a circuit-specific mitigation-overhead multiplier is not estimated retrospectively."
MSP,ms_seed1_prod3,ma_qaoa,ibm_fez;ibm_marrakesh;ibm_torino,200,1000,2,none,1000,none,true,not_available_in_archived_metadata,5182.51,false,"Runtime-managed Estimator mitigation was requested through resilience_level=2. No paired resilience_level=0 execution was performed, so a circuit-specific mitigation-overhead multiplier is not estimated retrospectively."
MSP,ms_seed1_prod4,ma_qaoa,ibm_fez;ibm_marrakesh;ibm_torino,200,1000,2,none,1000,none,true,not_available_in_archived_metadata,17647,false,"Runtime-managed Estimator mitigation was requested through resilience_level=2. No paired resilience_level=0 execution was performed, so a circuit-specific mitigation-overhead multiplier is not estimated retrospectively."
MSP,ms_seed1_prod5,ma_qaoa,ibm_fez;ibm_marrakesh;ibm_torino,200,1000,2,none,1000,none,true,not_available_in_archived_metadata,9670.82,false,"Runtime-managed Estimator mitigation was requested through resilience_level=2. No paired resilience_level=0 execution was performed, so a circuit-specific mitigation-overhead multiplier is not estimated retrospectively."
MSP,ms_seed0_prod2,pce,ibm_fez;ibm_marrakesh;ibm_torino,200,1000,2,none,1000,none,true,not_available_in_archived_metadata,2477.3,false,"Runtime-managed Estimator mitigation was requested through resilience_level=2. No paired resilience_level=0 execution was performed, so a circuit-specific mitigation-overhead multiplier is not estimated retrospectively."
MSP,ms_seed0_prod3,pce,ibm_fez;ibm_marrakesh;ibm_torino,200,1000,2,none,1000,none,true,not_available_in_archived_metadata,2252.34,false,"Runtime-managed Estimator mitigation was requested through resilience_level=2. No paired resilience_level=0 execution was performed, so a circuit-specific mitigation-overhead multiplier is not estimated retrospectively."
MSP,ms_seed0_prod4,pce,ibm_fez;ibm_marrakesh;ibm_torino,200,1000,2,none,1000,none,true,not_available_in_archived_metadata,2571.16,false,"Runtime-managed Estimator mitigation was requested through resilience_level=2. No paired resilience_level=0 execution was performed, so a circuit-specific mitigation-overhead multiplier is not estimated retrospectively."
MSP,ms_seed0_prod5,pce,ibm_fez;ibm_marrakesh;ibm_torino,200,1000,2,none,1000,none,true,not_available_in_archived_metadata,2512.47,false,"Runtime-managed Estimator mitigation was requested through resilience_level=2. No paired resilience_level=0 execution was performed, so a circuit-specific mitigation-overhead multiplier is not estimated retrospectively."
MSP,ms_seed1_prod2,pce,ibm_fez;ibm_marrakesh;ibm_torino,200,1000,2,none,1000,none,true,not_available_in_archived_metadata,2435.26,false,"Runtime-managed Estimator mitigation was requested through resilience_level=2. No paired resilience_level=0 execution was performed, so a circuit-specific mitigation-overhead multiplier is not estimated retrospectively."
MSP,ms_seed1_prod3,pce,ibm_fez;ibm_marrakesh;ibm_torino,200,1000,2,none,1000,none,true,not_available_in_archived_metadata,4179.35,false,"Runtime-managed Estimator mitigation was requested through resilience_level=2. No paired resilience_level=0 execution was performed, so a circuit-specific mitigation-overhead multiplier is not estimated retrospectively."
MSP,ms_seed1_prod4,pce,ibm_fez;ibm_marrakesh;ibm_torino,200,1000,2,none,1000,none,true,not_available_in_archived_metadata,2785.61,false,"Runtime-managed Estimator mitigation was requested through resilience_level=2. No paired resilience_level=0 execution was performed, so a circuit-specific mitigation-overhead multiplier is not estimated retrospectively."
MSP,ms_seed1_prod5,pce,ibm_fez;ibm_marrakesh;ibm_torino,200,1000,2,none,1000,none,true,not_available_in_archived_metadata,3406.07,false,"Runtime-managed Estimator mitigation was requested through resilience_level=2. No paired resilience_level=0 execution was performed, so a circuit-specific mitigation-overhead multiplier is not estimated retrospectively."
MSP,ms_seed0_prod2,qaoa,ibm_fez;ibm_marrakesh;ibm_torino,51,1000,2,none,1000,none,true,not_available_in_archived_metadata,1954.97,false,"Runtime-managed Estimator mitigation was requested through resilience_level=2. No paired resilience_level=0 execution was performed, so a circuit-specific mitigation-overhead multiplier is not estimated retrospectively."
MSP,ms_seed0_prod3,qaoa,ibm_fez;ibm_marrakesh;ibm_torino,58,1000,2,none,1000,none,true,not_available_in_archived_metadata,2249.37,false,"Runtime-managed Estimator mitigation was requested through resilience_level=2. No paired resilience_level=0 execution was performed, so a circuit-specific mitigation-overhead multiplier is not estimated retrospectively."
MSP,ms_seed0_prod4,qaoa,ibm_fez;ibm_marrakesh;ibm_torino,55,1000,2,none,1000,none,true,not_available_in_archived_metadata,2263.77,false,"Runtime-managed Estimator mitigation was requested through resilience_level=2. No paired resilience_level=0 execution was performed, so a circuit-specific mitigation-overhead multiplier is not estimated retrospectively."
MSP,ms_seed0_prod5,qaoa,ibm_fez;ibm_marrakesh;ibm_torino,56,1000,2,none,1000,none,true,not_available_in_archived_metadata,2528.14,false,"Runtime-managed Estimator mitigation was requested through resilience_level=2. No paired resilience_level=0 execution was performed, so a circuit-specific mitigation-overhead multiplier is not estimated retrospectively."
MSP,ms_seed1_prod2,qaoa,ibm_fez;ibm_marrakesh;ibm_torino,59,1000,2,none,1000,none,true,not_available_in_archived_metadata,1506.07,false,"Runtime-managed Estimator mitigation was requested through resilience_level=2. No paired resilience_level=0 execution was performed, so a circuit-specific mitigation-overhead multiplier is not estimated retrospectively."
MSP,ms_seed1_prod3,qaoa,ibm_fez;ibm_marrakesh;ibm_torino,55,1000,2,none,1000,none,true,not_available_in_archived_metadata,1569.81,false,"Runtime-managed Estimator mitigation was requested through resilience_level=2. No paired resilience_level=0 execution was performed, so a circuit-specific mitigation-overhead multiplier is not estimated retrospectively."
MSP,ms_seed1_prod4,qaoa,ibm_fez;ibm_marrakesh;ibm_torino,48,1000,2,none,1000,none,true,not_available_in_archived_metadata,3627,false,"Runtime-managed Estimator mitigation was requested through resilience_level=2. No paired resilience_level=0 execution was performed, so a circuit-specific mitigation-overhead multiplier is not estimated retrospectively."
MSP,ms_seed1_prod5,qaoa,ibm_fez;ibm_marrakesh;ibm_torino,49,1000,2,none,1000,none,true,not_available_in_archived_metadata,2657.9,false,"Runtime-managed Estimator mitigation was requested through resilience_level=2. No paired resilience_level=0 execution was performed, so a circuit-specific mitigation-overhead multiplier is not estimated retrospectively."
MSP,ms_seed0_prod2,qrao,ibm_fez;ibm_marrakesh;ibm_torino,200,1000,2,none,1,none,true,not_available_in_archived_metadata,5470.14,false,"Runtime-managed Estimator mitigation was requested through resilience_level=2. No paired resilience_level=0 execution was performed, so a circuit-specific mitigation-overhead multiplier is not estimated retrospectively."
MSP,ms_seed0_prod3,qrao,ibm_fez;ibm_marrakesh;ibm_torino,200,1000,2,none,1,none,true,not_available_in_archived_metadata,6023.36,false,"Runtime-managed Estimator mitigation was requested through resilience_level=2. No paired resilience_level=0 execution was performed, so a circuit-specific mitigation-overhead multiplier is not estimated retrospectively."
MSP,ms_seed0_prod4,qrao,ibm_fez;ibm_marrakesh;ibm_torino,200,1000,2,none,1,none,true,not_available_in_archived_metadata,11204.7,false,"Runtime-managed Estimator mitigation was requested through resilience_level=2. No paired resilience_level=0 execution was performed, so a circuit-specific mitigation-overhead multiplier is not estimated retrospectively."
MSP,ms_seed0_prod5,qrao,ibm_fez;ibm_marrakesh;ibm_torino,200,1000,2,none,1,none,true,not_available_in_archived_metadata,12653.5,false,"Runtime-managed Estimator mitigation was requested through resilience_level=2. No paired resilience_level=0 execution was performed, so a circuit-specific mitigation-overhead multiplier is not estimated retrospectively."
MSP,ms_seed1_prod2,qrao,ibm_fez;ibm_marrakesh;ibm_torino,200,1000,2,none,1,none,true,not_available_in_archived_metadata,10302.2,false,"Runtime-managed Estimator mitigation was requested through resilience_level=2. No paired resilience_level=0 execution was performed, so a circuit-specific mitigation-overhead multiplier is not estimated retrospectively."
MSP,ms_seed1_prod3,qrao,ibm_fez;ibm_marrakesh;ibm_torino,200,1000,2,none,1,none,true,not_available_in_archived_metadata,28298.7,false,"Runtime-managed Estimator mitigation was requested through resilience_level=2. No paired resilience_level=0 execution was performed, so a circuit-specific mitigation-overhead multiplier is not estimated retrospectively."
MSP,ms_seed1_prod4,qrao,ibm_fez;ibm_marrakesh;ibm_torino,200,1000,2,none,1,none,true,not_available_in_archived_metadata,14327.3,false,"Runtime-managed Estimator mitigation was requested through resilience_level=2. No paired resilience_level=0 execution was performed, so a circuit-specific mitigation-overhead multiplier is not estimated retrospectively."
MSP,ms_seed1_prod5,qrao,ibm_fez;ibm_marrakesh;ibm_torino,200,1000,2,none,1,none,true,not_available_in_archived_metadata,24110.5,false,"Runtime-managed Estimator mitigation was requested through resilience_level=2. No paired resilience_level=0 execution was performed, so a circuit-specific mitigation-overhead multiplier is not estimated retrospectively."
MSP,ms_seed0_prod2,vqe,ibm_fez;ibm_marrakesh;ibm_torino,200,1000,2,none,1000,none,true,not_available_in_archived_metadata,2342.29,false,"Runtime-managed Estimator mitigation was requested through resilience_level=2. No paired resilience_level=0 execution was performed, so a circuit-specific mitigation-overhead multiplier is not estimated retrospectively."
MSP,ms_seed0_prod3,vqe,ibm_fez;ibm_marrakesh;ibm_torino,200,1000,2,none,1000,none,true,not_available_in_archived_metadata,2461.81,false,"Runtime-managed Estimator mitigation was requested through resilience_level=2. No paired resilience_level=0 execution was performed, so a circuit-specific mitigation-overhead multiplier is not estimated retrospectively."
MSP,ms_seed0_prod4,vqe,ibm_fez;ibm_marrakesh;ibm_torino,200,1000,2,none,1000,none,true,not_available_in_archived_metadata,2517.28,false,"Runtime-managed Estimator mitigation was requested through resilience_level=2. No paired resilience_level=0 execution was performed, so a circuit-specific mitigation-overhead multiplier is not estimated retrospectively."
MSP,ms_seed0_prod5,vqe,ibm_fez;ibm_marrakesh;ibm_torino,200,1000,2,none,1000,none,true,not_available_in_archived_metadata,3077.28,false,"Runtime-managed Estimator mitigation was requested through resilience_level=2. No paired resilience_level=0 execution was performed, so a circuit-specific mitigation-overhead multiplier is not estimated retrospectively."
MSP,ms_seed1_prod2,vqe,ibm_fez;ibm_marrakesh;ibm_torino,200,1000,2,none,1000,none,true,not_available_in_archived_metadata,2344.88,false,"Runtime-managed Estimator mitigation was requested through resilience_level=2. No paired resilience_level=0 execution was performed, so a circuit-specific mitigation-overhead multiplier is not estimated retrospectively."
MSP,ms_seed1_prod3,vqe,ibm_fez;ibm_marrakesh;ibm_torino,200,1000,2,none,1000,none,true,not_available_in_archived_metadata,2440.52,false,"Runtime-managed Estimator mitigation was requested through resilience_level=2. No paired resilience_level=0 execution was performed, so a circuit-specific mitigation-overhead multiplier is not estimated retrospectively."
MSP,ms_seed1_prod4,vqe,ibm_fez;ibm_marrakesh;ibm_torino,200,1000,2,none,1000,none,true,not_available_in_archived_metadata,3075.1,false,"Runtime-managed Estimator mitigation was requested through resilience_level=2. No paired resilience_level=0 execution was performed, so a circuit-specific mitigation-overhead multiplier is not estimated retrospectively."
MSP,ms_seed1_prod5,vqe,ibm_fez;ibm_marrakesh;ibm_torino,200,1000,2,none,1000,none,true,not_available_in_archived_metadata,2700.01,false,"Runtime-managed Estimator mitigation was requested through resilience_level=2. No paired resilience_level=0 execution was performed, so a circuit-specific mitigation-overhead multiplier is not estimated retrospectively."
MSP,ms_seed0_prod2,ws_qaoa,ibm_fez;ibm_marrakesh;ibm_torino,47,1000,2,none,1000,none,true,not_available_in_archived_metadata,1252.26,false,"Runtime-managed Estimator mitigation was requested through resilience_level=2. No paired resilience_level=0 execution was performed, so a circuit-specific mitigation-overhead multiplier is not estimated retrospectively."
MSP,ms_seed0_prod3,ws_qaoa,ibm_fez;ibm_marrakesh;ibm_torino,55,1000,2,none,1000,none,true,not_available_in_archived_metadata,1299.15,false,"Runtime-managed Estimator mitigation was requested through resilience_level=2. No paired resilience_level=0 execution was performed, so a circuit-specific mitigation-overhead multiplier is not estimated retrospectively."
MSP,ms_seed0_prod4,ws_qaoa,ibm_fez;ibm_marrakesh;ibm_torino,55,1000,2,none,1000,none,true,not_available_in_archived_metadata,2421.21,false,"Runtime-managed Estimator mitigation was requested through resilience_level=2. No paired resilience_level=0 execution was performed, so a circuit-specific mitigation-overhead multiplier is not estimated retrospectively."
MSP,ms_seed0_prod5,ws_qaoa,ibm_fez;ibm_marrakesh;ibm_torino,61,1000,2,none,1000,none,true,not_available_in_archived_metadata,4160.64,false,"Runtime-managed Estimator mitigation was requested through resilience_level=2. No paired resilience_level=0 execution was performed, so a circuit-specific mitigation-overhead multiplier is not estimated retrospectively."
MSP,ms_seed1_prod2,ws_qaoa,ibm_fez;ibm_marrakesh;ibm_torino,52,1000,2,none,1000,none,true,not_available_in_archived_metadata,901.457,false,"Runtime-managed Estimator mitigation was requested through resilience_level=2. No paired resilience_level=0 execution was performed, so a circuit-specific mitigation-overhead multiplier is not estimated retrospectively."
MSP,ms_seed1_prod3,ws_qaoa,ibm_fez;ibm_marrakesh;ibm_torino,53,1000,2,none,1000,none,true,not_available_in_archived_metadata,1104.72,false,"Runtime-managed Estimator mitigation was requested through resilience_level=2. No paired resilience_level=0 execution was performed, so a circuit-specific mitigation-overhead multiplier is not estimated retrospectively."
MSP,ms_seed1_prod4,ws_qaoa,ibm_fez;ibm_marrakesh;ibm_torino,63,1000,2,none,1000,none,true,not_available_in_archived_metadata,1741.95,false,"Runtime-managed Estimator mitigation was requested through resilience_level=2. No paired resilience_level=0 execution was performed, so a circuit-specific mitigation-overhead multiplier is not estimated retrospectively."
MSP,ms_seed1_prod5,ws_qaoa,ibm_fez;ibm_marrakesh;ibm_torino,50,1000,2,none,1000,none,true,not_available_in_archived_metadata,2042.68,false,"Runtime-managed Estimator mitigation was requested through resilience_level=2. No paired resilience_level=0 execution was performed, so a circuit-specific mitigation-overhead multiplier is not estimated retrospectively."
MIS,1dc.128,cvar_vqe,ibm_fez;ibm_marrakesh;ibm_torino,200,1000,2,none,1000,none,true,not_available_in_archived_metadata,2375.37,false,"Runtime-managed Estimator mitigation was requested through resilience_level=2. No paired resilience_level=0 execution was performed, so a circuit-specific mitigation-overhead multiplier is not estimated retrospectively."
MIS,1dc.64,cvar_vqe,ibm_fez;ibm_marrakesh;ibm_torino,200,1000,2,none,1000,none,true,not_available_in_archived_metadata,3549.95,false,"Runtime-managed Estimator mitigation was requested through resilience_level=2. No paired resilience_level=0 execution was performed, so a circuit-specific mitigation-overhead multiplier is not estimated retrospectively."
MIS,1et.64,cvar_vqe,ibm_fez;ibm_marrakesh;ibm_torino,200,1000,2,none,1000,none,true,not_available_in_archived_metadata,3482.75,false,"Runtime-managed Estimator mitigation was requested through resilience_level=2. No paired resilience_level=0 execution was performed, so a circuit-specific mitigation-overhead multiplier is not estimated retrospectively."
MIS,1tc.16,cvar_vqe,ibm_fez;ibm_marrakesh;ibm_torino,200,1000,2,none,1000,none,true,not_available_in_archived_metadata,2467.6,false,"Runtime-managed Estimator mitigation was requested through resilience_level=2. No paired resilience_level=0 execution was performed, so a circuit-specific mitigation-overhead multiplier is not estimated retrospectively."
MIS,1tc.32,cvar_vqe,ibm_fez;ibm_marrakesh;ibm_torino,200,1000,2,none,1000,none,true,not_available_in_archived_metadata,5896.15,false,"Runtime-managed Estimator mitigation was requested through resilience_level=2. No paired resilience_level=0 execution was performed, so a circuit-specific mitigation-overhead multiplier is not estimated retrospectively."
MIS,1tc.64,cvar_vqe,ibm_fez;ibm_marrakesh;ibm_torino,200,1000,2,none,1000,none,true,not_available_in_archived_metadata,2869.33,false,"Runtime-managed Estimator mitigation was requested through resilience_level=2. No paired resilience_level=0 execution was performed, so a circuit-specific mitigation-overhead multiplier is not estimated retrospectively."
MIS,1tc.8,cvar_vqe,ibm_fez;ibm_marrakesh;ibm_torino,200,1000,2,none,1000,none,true,not_available_in_archived_metadata,3648.72,false,"Runtime-managed Estimator mitigation was requested through resilience_level=2. No paired resilience_level=0 execution was performed, so a circuit-specific mitigation-overhead multiplier is not estimated retrospectively."
MIS,1dc.128,ma_qaoa,ibm_fez;ibm_marrakesh;ibm_torino,200,1000,2,none,1000,none,true,not_available_in_archived_metadata,5376.9,false,"Runtime-managed Estimator mitigation was requested through resilience_level=2. No paired resilience_level=0 execution was performed, so a circuit-specific mitigation-overhead multiplier is not estimated retrospectively."
MIS,1dc.64,ma_qaoa,ibm_fez;ibm_marrakesh;ibm_torino,200,1000,2,none,1000,none,true,not_available_in_archived_metadata,3514.54,false,"Runtime-managed Estimator mitigation was requested through resilience_level=2. No paired resilience_level=0 execution was performed, so a circuit-specific mitigation-overhead multiplier is not estimated retrospectively."
MIS,1et.64,ma_qaoa,ibm_fez;ibm_marrakesh;ibm_torino,200,1000,2,none,1000,none,true,not_available_in_archived_metadata,5209.15,false,"Runtime-managed Estimator mitigation was requested through resilience_level=2. No paired resilience_level=0 execution was performed, so a circuit-specific mitigation-overhead multiplier is not estimated retrospectively."
MIS,1tc.16,ma_qaoa,ibm_fez;ibm_marrakesh;ibm_torino,200,1000,2,none,1000,none,true,not_available_in_archived_metadata,2383.55,false,"Runtime-managed Estimator mitigation was requested through resilience_level=2. No paired resilience_level=0 execution was performed, so a circuit-specific mitigation-overhead multiplier is not estimated retrospectively."
MIS,1tc.32,ma_qaoa,ibm_fez;ibm_marrakesh;ibm_torino,200,1000,2,none,1000,none,true,not_available_in_archived_metadata,2690.5,false,"Runtime-managed Estimator mitigation was requested through resilience_level=2. No paired resilience_level=0 execution was performed, so a circuit-specific mitigation-overhead multiplier is not estimated retrospectively."
MIS,1tc.64,ma_qaoa,ibm_fez;ibm_marrakesh;ibm_torino,200,1000,2,none,1000,none,true,not_available_in_archived_metadata,2706.03,false,"Runtime-managed Estimator mitigation was requested through resilience_level=2. No paired resilience_level=0 execution was performed, so a circuit-specific mitigation-overhead multiplier is not estimated retrospectively."
MIS,1tc.8,ma_qaoa,ibm_fez;ibm_marrakesh;ibm_torino,200,1000,2,none,1000,none,true,not_available_in_archived_metadata,2683.57,false,"Runtime-managed Estimator mitigation was requested through resilience_level=2. No paired resilience_level=0 execution was performed, so a circuit-specific mitigation-overhead multiplier is not estimated retrospectively."
MIS,1dc.128,pce,ibm_fez;ibm_marrakesh;ibm_torino,200,1000,2,none,1000,none,true,not_available_in_archived_metadata,4535.32,false,"Runtime-managed Estimator mitigation was requested through resilience_level=2. No paired resilience_level=0 execution was performed, so a circuit-specific mitigation-overhead multiplier is not estimated retrospectively."
MIS,1dc.64,pce,ibm_fez;ibm_marrakesh;ibm_torino,200,1000,2,none,1000,none,true,not_available_in_archived_metadata,10028.1,false,"Runtime-managed Estimator mitigation was requested through resilience_level=2. No paired resilience_level=0 execution was performed, so a circuit-specific mitigation-overhead multiplier is not estimated retrospectively."
MIS,1et.64,pce,ibm_fez;ibm_marrakesh;ibm_torino,200,1000,2,none,1000,none,true,not_available_in_archived_metadata,8207.58,false,"Runtime-managed Estimator mitigation was requested through resilience_level=2. No paired resilience_level=0 execution was performed, so a circuit-specific mitigation-overhead multiplier is not estimated retrospectively."
MIS,1tc.16,pce,ibm_fez;ibm_marrakesh;ibm_torino,184,1000,2,none,1000,none,true,not_available_in_archived_metadata,6792.31,false,"Runtime-managed Estimator mitigation was requested through resilience_level=2. No paired resilience_level=0 execution was performed, so a circuit-specific mitigation-overhead multiplier is not estimated retrospectively."
MIS,1tc.32,pce,ibm_fez;ibm_marrakesh;ibm_torino,200,1000,2,none,1000,none,true,not_available_in_archived_metadata,9018.4,false,"Runtime-managed Estimator mitigation was requested through resilience_level=2. No paired resilience_level=0 execution was performed, so a circuit-specific mitigation-overhead multiplier is not estimated retrospectively."
MIS,1tc.64,pce,ibm_fez;ibm_marrakesh;ibm_torino,200,1000,2,none,1000,none,true,not_available_in_archived_metadata,5163.89,false,"Runtime-managed Estimator mitigation was requested through resilience_level=2. No paired resilience_level=0 execution was performed, so a circuit-specific mitigation-overhead multiplier is not estimated retrospectively."
MIS,1tc.8,pce,ibm_fez;ibm_marrakesh;ibm_torino,124,1000,2,none,1000,none,true,not_available_in_archived_metadata,6267.07,false,"Runtime-managed Estimator mitigation was requested through resilience_level=2. No paired resilience_level=0 execution was performed, so a circuit-specific mitigation-overhead multiplier is not estimated retrospectively."
MIS,1dc.128,qaoa,ibm_fez;ibm_marrakesh;ibm_torino,56,1000,2,none,1000,none,true,not_available_in_archived_metadata,1073.56,false,"Runtime-managed Estimator mitigation was requested through resilience_level=2. No paired resilience_level=0 execution was performed, so a circuit-specific mitigation-overhead multiplier is not estimated retrospectively."
MIS,1dc.64,qaoa,ibm_fez;ibm_marrakesh;ibm_torino,59,1000,2,none,1000,none,true,not_available_in_archived_metadata,1072.76,false,"Runtime-managed Estimator mitigation was requested through resilience_level=2. No paired resilience_level=0 execution was performed, so a circuit-specific mitigation-overhead multiplier is not estimated retrospectively."
MIS,1et.64,qaoa,ibm_fez;ibm_marrakesh;ibm_torino,65,1000,2,none,1000,none,true,not_available_in_archived_metadata,908.144,false,"Runtime-managed Estimator mitigation was requested through resilience_level=2. No paired resilience_level=0 execution was performed, so a circuit-specific mitigation-overhead multiplier is not estimated retrospectively."
MIS,1tc.16,qaoa,ibm_fez;ibm_marrakesh;ibm_torino,62,1000,2,none,1000,none,true,not_available_in_archived_metadata,714.599,false,"Runtime-managed Estimator mitigation was requested through resilience_level=2. No paired resilience_level=0 execution was performed, so a circuit-specific mitigation-overhead multiplier is not estimated retrospectively."
MIS,1tc.32,qaoa,ibm_fez;ibm_marrakesh;ibm_torino,56,1000,2,none,1000,none,true,not_available_in_archived_metadata,741.239,false,"Runtime-managed Estimator mitigation was requested through resilience_level=2. No paired resilience_level=0 execution was performed, so a circuit-specific mitigation-overhead multiplier is not estimated retrospectively."
MIS,1tc.64,qaoa,ibm_fez;ibm_marrakesh;ibm_torino,59,1000,2,none,1000,none,true,not_available_in_archived_metadata,622.584,false,"Runtime-managed Estimator mitigation was requested through resilience_level=2. No paired resilience_level=0 execution was performed, so a circuit-specific mitigation-overhead multiplier is not estimated retrospectively."
MIS,1tc.8,qaoa,ibm_fez;ibm_marrakesh;ibm_torino,50,1000,2,none,1000,none,true,not_available_in_archived_metadata,786.155,false,"Runtime-managed Estimator mitigation was requested through resilience_level=2. No paired resilience_level=0 execution was performed, so a circuit-specific mitigation-overhead multiplier is not estimated retrospectively."
MIS,1dc.128,qrao,ibm_fez;ibm_marrakesh;ibm_torino,200,1000,2,none,1000,none,true,not_available_in_archived_metadata,9604.61,false,"Runtime-managed Estimator mitigation was requested through resilience_level=2. No paired resilience_level=0 execution was performed, so a circuit-specific mitigation-overhead multiplier is not estimated retrospectively."
MIS,1dc.64,qrao,ibm_fez;ibm_marrakesh;ibm_torino,200,1000,2,none,1,none,true,not_available_in_archived_metadata,6898.89,false,"Runtime-managed Estimator mitigation was requested through resilience_level=2. No paired resilience_level=0 execution was performed, so a circuit-specific mitigation-overhead multiplier is not estimated retrospectively."
MIS,1et.64,qrao,ibm_fez;ibm_marrakesh;ibm_torino,200,1000,2,none,1,none,true,not_available_in_archived_metadata,6906.87,false,"Runtime-managed Estimator mitigation was requested through resilience_level=2. No paired resilience_level=0 execution was performed, so a circuit-specific mitigation-overhead multiplier is not estimated retrospectively."
MIS,1tc.16,qrao,ibm_fez;ibm_marrakesh;ibm_torino,200,1000,2,none,1,none,true,not_available_in_archived_metadata,7166.07,false,"Runtime-managed Estimator mitigation was requested through resilience_level=2. No paired resilience_level=0 execution was performed, so a circuit-specific mitigation-overhead multiplier is not estimated retrospectively."
MIS,1tc.32,qrao,ibm_fez;ibm_marrakesh;ibm_torino,200,1000,2,none,1,none,true,not_available_in_archived_metadata,6953.65,false,"Runtime-managed Estimator mitigation was requested through resilience_level=2. No paired resilience_level=0 execution was performed, so a circuit-specific mitigation-overhead multiplier is not estimated retrospectively."
MIS,1tc.64,qrao,ibm_fez;ibm_marrakesh;ibm_torino,200,1000,2,none,1,none,true,not_available_in_archived_metadata,4981.4,false,"Runtime-managed Estimator mitigation was requested through resilience_level=2. No paired resilience_level=0 execution was performed, so a circuit-specific mitigation-overhead multiplier is not estimated retrospectively."
MIS,1tc.8,qrao,ibm_fez;ibm_marrakesh;ibm_torino;statevector_primitives,200,1000,2,none,1000,none,true,not_available_in_archived_metadata,15.669,false,"Runtime-managed Estimator mitigation was requested through resilience_level=2. No paired resilience_level=0 execution was performed, so a circuit-specific mitigation-overhead multiplier is not estimated retrospectively."
MIS,1dc.128,vqe,ibm_fez;ibm_marrakesh;ibm_torino,200,1000,2,none,1000,none,true,not_available_in_archived_metadata,3774.64,false,"Runtime-managed Estimator mitigation was requested through resilience_level=2. No paired resilience_level=0 execution was performed, so a circuit-specific mitigation-overhead multiplier is not estimated retrospectively."
MIS,1dc.64,vqe,ibm_fez;ibm_marrakesh;ibm_torino,200,1000,2,none,1000,none,true,not_available_in_archived_metadata,2119.45,false,"Runtime-managed Estimator mitigation was requested through resilience_level=2. No paired resilience_level=0 execution was performed, so a circuit-specific mitigation-overhead multiplier is not estimated retrospectively."
MIS,1et.64,vqe,ibm_fez;ibm_marrakesh;ibm_torino,200,1000,2,none,1000,none,true,not_available_in_archived_metadata,2128.39,false,"Runtime-managed Estimator mitigation was requested through resilience_level=2. No paired resilience_level=0 execution was performed, so a circuit-specific mitigation-overhead multiplier is not estimated retrospectively."
MIS,1tc.16,vqe,ibm_fez;ibm_marrakesh;ibm_torino,200,1000,2,none,1000,none,true,not_available_in_archived_metadata,2411.26,false,"Runtime-managed Estimator mitigation was requested through resilience_level=2. No paired resilience_level=0 execution was performed, so a circuit-specific mitigation-overhead multiplier is not estimated retrospectively."
MIS,1tc.32,vqe,ibm_fez;ibm_marrakesh;ibm_torino,200,1000,2,none,1000,none,true,not_available_in_archived_metadata,2183.95,false,"Runtime-managed Estimator mitigation was requested through resilience_level=2. No paired resilience_level=0 execution was performed, so a circuit-specific mitigation-overhead multiplier is not estimated retrospectively."
MIS,1tc.64,vqe,ibm_fez;ibm_marrakesh;ibm_torino,200,1000,2,none,1000,none,true,not_available_in_archived_metadata,2333.88,false,"Runtime-managed Estimator mitigation was requested through resilience_level=2. No paired resilience_level=0 execution was performed, so a circuit-specific mitigation-overhead multiplier is not estimated retrospectively."
MIS,1tc.8,vqe,ibm_fez;ibm_marrakesh;ibm_torino,200,1000,2,none,1000,none,true,not_available_in_archived_metadata,2003.64,false,"Runtime-managed Estimator mitigation was requested through resilience_level=2. No paired resilience_level=0 execution was performed, so a circuit-specific mitigation-overhead multiplier is not estimated retrospectively."
MIS,1dc.128,ws_qaoa,ibm_fez;ibm_marrakesh;ibm_torino,62,1000,2,none,1000,none,true,not_available_in_archived_metadata,1237.04,false,"Runtime-managed Estimator mitigation was requested through resilience_level=2. No paired resilience_level=0 execution was performed, so a circuit-specific mitigation-overhead multiplier is not estimated retrospectively."
MIS,1dc.64,ws_qaoa,ibm_fez;ibm_marrakesh;ibm_torino,73,1000,2,none,1000,none,true,not_available_in_archived_metadata,1578.02,false,"Runtime-managed Estimator mitigation was requested through resilience_level=2. No paired resilience_level=0 execution was performed, so a circuit-specific mitigation-overhead multiplier is not estimated retrospectively."
MIS,1et.64,ws_qaoa,ibm_fez;ibm_marrakesh;ibm_torino,65,1000,2,none,1000,none,true,not_available_in_archived_metadata,1041.43,false,"Runtime-managed Estimator mitigation was requested through resilience_level=2. No paired resilience_level=0 execution was performed, so a circuit-specific mitigation-overhead multiplier is not estimated retrospectively."
MIS,1tc.16,ws_qaoa,ibm_fez;ibm_marrakesh;ibm_torino,60,1000,2,none,1000,none,true,not_available_in_archived_metadata,952.912,false,"Runtime-managed Estimator mitigation was requested through resilience_level=2. No paired resilience_level=0 execution was performed, so a circuit-specific mitigation-overhead multiplier is not estimated retrospectively."
MIS,1tc.32,ws_qaoa,ibm_fez;ibm_marrakesh;ibm_torino,72,1000,2,none,1000,none,true,not_available_in_archived_metadata,904.835,false,"Runtime-managed Estimator mitigation was requested through resilience_level=2. No paired resilience_level=0 execution was performed, so a circuit-specific mitigation-overhead multiplier is not estimated retrospectively."
MIS,1tc.64,ws_qaoa,ibm_fez;ibm_marrakesh;ibm_torino,59,1000,2,none,1000,none,true,not_available_in_archived_metadata,1328.03,false,"Runtime-managed Estimator mitigation was requested through resilience_level=2. No paired resilience_level=0 execution was performed, so a circuit-specific mitigation-overhead multiplier is not estimated retrospectively."
MIS,1tc.8,ws_qaoa,ibm_fez;ibm_marrakesh;ibm_torino,64,1000,2,none,1000,none,true,not_available_in_archived_metadata,635.457,false,"Runtime-managed Estimator mitigation was requested through resilience_level=2. No paired resilience_level=0 execution was performed, so a circuit-specific mitigation-overhead multiplier is not estimated retrospectively."
MDKP,hp1,cvar_vqe,ibm_fez;ibm_marrakesh;ibm_torino,200,1000,2,none,1000,none,true,not_available_in_archived_metadata,3447.46,false,"Runtime-managed Estimator mitigation was requested through resilience_level=2. No paired resilience_level=0 execution was performed, so a circuit-specific mitigation-overhead multiplier is not estimated retrospectively."
MDKP,hp2,cvar_vqe,ibm_fez;ibm_marrakesh;ibm_torino,200,1000,2,none,1000,none,true,not_available_in_archived_metadata,3974.74,false,"Runtime-managed Estimator mitigation was requested through resilience_level=2. No paired resilience_level=0 execution was performed, so a circuit-specific mitigation-overhead multiplier is not estimated retrospectively."
MDKP,pb1,cvar_vqe,ibm_fez;ibm_marrakesh;ibm_torino,200,1000,2,none,1000,none,true,not_available_in_archived_metadata,3541.39,false,"Runtime-managed Estimator mitigation was requested through resilience_level=2. No paired resilience_level=0 execution was performed, so a circuit-specific mitigation-overhead multiplier is not estimated retrospectively."
MDKP,pb2,cvar_vqe,ibm_fez;ibm_marrakesh;ibm_torino,200,1000,2,none,1000,none,true,not_available_in_archived_metadata,4528.76,false,"Runtime-managed Estimator mitigation was requested through resilience_level=2. No paired resilience_level=0 execution was performed, so a circuit-specific mitigation-overhead multiplier is not estimated retrospectively."
MDKP,pb4,cvar_vqe,ibm_fez;ibm_marrakesh;ibm_torino,200,1000,2,none,1000,none,true,not_available_in_archived_metadata,2564.55,false,"Runtime-managed Estimator mitigation was requested through resilience_level=2. No paired resilience_level=0 execution was performed, so a circuit-specific mitigation-overhead multiplier is not estimated retrospectively."
MDKP,pb5,cvar_vqe,ibm_fez;ibm_marrakesh;ibm_torino,200,1000,2,none,1000,none,true,not_available_in_archived_metadata,3162.01,false,"Runtime-managed Estimator mitigation was requested through resilience_level=2. No paired resilience_level=0 execution was performed, so a circuit-specific mitigation-overhead multiplier is not estimated retrospectively."
MDKP,pet2,cvar_vqe,ibm_fez;ibm_marrakesh;ibm_torino,200,1000,2,none,1000,none,true,not_available_in_archived_metadata,3978.75,false,"Runtime-managed Estimator mitigation was requested through resilience_level=2. No paired resilience_level=0 execution was performed, so a circuit-specific mitigation-overhead multiplier is not estimated retrospectively."
MDKP,pet3,cvar_vqe,ibm_fez;ibm_marrakesh;ibm_torino,200,1000,2,none,1000,none,true,not_available_in_archived_metadata,2137.16,false,"Runtime-managed Estimator mitigation was requested through resilience_level=2. No paired resilience_level=0 execution was performed, so a circuit-specific mitigation-overhead multiplier is not estimated retrospectively."
MDKP,pet4,cvar_vqe,ibm_fez;ibm_marrakesh;ibm_torino,200,1000,2,none,1000,none,true,not_available_in_archived_metadata,2593.35,false,"Runtime-managed Estimator mitigation was requested through resilience_level=2. No paired resilience_level=0 execution was performed, so a circuit-specific mitigation-overhead multiplier is not estimated retrospectively."
MDKP,pet5,cvar_vqe,ibm_fez;ibm_marrakesh;ibm_torino,200,1000,2,none,1000,none,true,not_available_in_archived_metadata,2496.34,false,"Runtime-managed Estimator mitigation was requested through resilience_level=2. No paired resilience_level=0 execution was performed, so a circuit-specific mitigation-overhead multiplier is not estimated retrospectively."
MDKP,pet6,cvar_vqe,ibm_fez;ibm_marrakesh;ibm_torino,200,1000,2,none,1000,none,true,not_available_in_archived_metadata,2390.3,false,"Runtime-managed Estimator mitigation was requested through resilience_level=2. No paired resilience_level=0 execution was performed, so a circuit-specific mitigation-overhead multiplier is not estimated retrospectively."
MDKP,pet7,cvar_vqe,ibm_fez;ibm_marrakesh;ibm_torino,200,1000,2,none,1000,none,true,not_available_in_archived_metadata,2229.34,false,"Runtime-managed Estimator mitigation was requested through resilience_level=2. No paired resilience_level=0 execution was performed, so a circuit-specific mitigation-overhead multiplier is not estimated retrospectively."
MDKP,hp1,ma_qaoa,ibm_fez;ibm_marrakesh;ibm_torino,200,1000,2,none,1000,none,true,not_available_in_archived_metadata,4450.41,false,"Runtime-managed Estimator mitigation was requested through resilience_level=2. No paired resilience_level=0 execution was performed, so a circuit-specific mitigation-overhead multiplier is not estimated retrospectively."
MDKP,hp2,ma_qaoa,ibm_fez;ibm_marrakesh;ibm_torino,200,1000,2,none,1000,none,true,not_available_in_archived_metadata,4116.99,false,"Runtime-managed Estimator mitigation was requested through resilience_level=2. No paired resilience_level=0 execution was performed, so a circuit-specific mitigation-overhead multiplier is not estimated retrospectively."
MDKP,pb1,ma_qaoa,ibm_fez;ibm_marrakesh;ibm_torino,200,1000,2,none,1000,none,true,not_available_in_archived_metadata,4687.2,false,"Runtime-managed Estimator mitigation was requested through resilience_level=2. No paired resilience_level=0 execution was performed, so a circuit-specific mitigation-overhead multiplier is not estimated retrospectively."
MDKP,pb2,ma_qaoa,ibm_fez;ibm_marrakesh;ibm_torino,200,1000,2,none,1000,none,true,not_available_in_archived_metadata,7633.16,false,"Runtime-managed Estimator mitigation was requested through resilience_level=2. No paired resilience_level=0 execution was performed, so a circuit-specific mitigation-overhead multiplier is not estimated retrospectively."
MDKP,pb4,ma_qaoa,ibm_fez;ibm_marrakesh;ibm_torino,200,1000,2,none,1000,none,true,not_available_in_archived_metadata,3809.81,false,"Runtime-managed Estimator mitigation was requested through resilience_level=2. No paired resilience_level=0 execution was performed, so a circuit-specific mitigation-overhead multiplier is not estimated retrospectively."
MDKP,pb5,ma_qaoa,ibm_fez;ibm_marrakesh;ibm_torino,200,1000,2,none,1000,none,true,not_available_in_archived_metadata,5137.55,false,"Runtime-managed Estimator mitigation was requested through resilience_level=2. No paired resilience_level=0 execution was performed, so a circuit-specific mitigation-overhead multiplier is not estimated retrospectively."
MDKP,pet2,ma_qaoa,ibm_fez;ibm_marrakesh;ibm_torino,200,1000,2,none,1000,none,true,not_available_in_archived_metadata,5206.51,false,"Runtime-managed Estimator mitigation was requested through resilience_level=2. No paired resilience_level=0 execution was performed, so a circuit-specific mitigation-overhead multiplier is not estimated retrospectively."
MDKP,pet3,ma_qaoa,ibm_fez;ibm_marrakesh;ibm_torino,200,1000,2,none,1000,none,true,not_available_in_archived_metadata,14702.1,false,"Runtime-managed Estimator mitigation was requested through resilience_level=2. No paired resilience_level=0 execution was performed, so a circuit-specific mitigation-overhead multiplier is not estimated retrospectively."
MDKP,pet4,ma_qaoa,ibm_fez;ibm_marrakesh;ibm_torino,200,1000,2,none,1000,none,true,not_available_in_archived_metadata,9285.25,false,"Runtime-managed Estimator mitigation was requested through resilience_level=2. No paired resilience_level=0 execution was performed, so a circuit-specific mitigation-overhead multiplier is not estimated retrospectively."
MDKP,pet5,ma_qaoa,ibm_fez;ibm_marrakesh;ibm_torino,200,1000,2,none,1000,none,true,not_available_in_archived_metadata,7221.36,false,"Runtime-managed Estimator mitigation was requested through resilience_level=2. No paired resilience_level=0 execution was performed, so a circuit-specific mitigation-overhead multiplier is not estimated retrospectively."
MDKP,pet6,ma_qaoa,ibm_fez;ibm_marrakesh;ibm_torino,200,1000,2,none,1000,none,true,not_available_in_archived_metadata,7719.22,false,"Runtime-managed Estimator mitigation was requested through resilience_level=2. No paired resilience_level=0 execution was performed, so a circuit-specific mitigation-overhead multiplier is not estimated retrospectively."
MDKP,pet7,ma_qaoa,ibm_fez;ibm_marrakesh;ibm_torino,200,1000,2,none,1000,none,true,not_available_in_archived_metadata,7669.84,false,"Runtime-managed Estimator mitigation was requested through resilience_level=2. No paired resilience_level=0 execution was performed, so a circuit-specific mitigation-overhead multiplier is not estimated retrospectively."
MDKP,hp1,pce,ibm_fez;ibm_marrakesh;ibm_torino,200,1000,2,none,1000,none,true,not_available_in_archived_metadata,2425.08,false,"Runtime-managed Estimator mitigation was requested through resilience_level=2. No paired resilience_level=0 execution was performed, so a circuit-specific mitigation-overhead multiplier is not estimated retrospectively."
MDKP,hp2,pce,ibm_fez;ibm_marrakesh;ibm_torino,200,1000,2,none,1000,none,true,not_available_in_archived_metadata,2220.62,false,"Runtime-managed Estimator mitigation was requested through resilience_level=2. No paired resilience_level=0 execution was performed, so a circuit-specific mitigation-overhead multiplier is not estimated retrospectively."
MDKP,pb1,pce,ibm_fez;ibm_marrakesh;ibm_torino,200,1000,2,none,1000,none,true,not_available_in_archived_metadata,2611.9,false,"Runtime-managed Estimator mitigation was requested through resilience_level=2. No paired resilience_level=0 execution was performed, so a circuit-specific mitigation-overhead multiplier is not estimated retrospectively."
MDKP,pb2,pce,ibm_fez;ibm_marrakesh;ibm_torino,200,1000,2,none,1000,none,true,not_available_in_archived_metadata,2535.41,false,"Runtime-managed Estimator mitigation was requested through resilience_level=2. No paired resilience_level=0 execution was performed, so a circuit-specific mitigation-overhead multiplier is not estimated retrospectively."
MDKP,pb4,pce,ibm_fez;ibm_marrakesh;ibm_torino,200,1000,2,none,1000,none,true,not_available_in_archived_metadata,2463.72,false,"Runtime-managed Estimator mitigation was requested through resilience_level=2. No paired resilience_level=0 execution was performed, so a circuit-specific mitigation-overhead multiplier is not estimated retrospectively."
MDKP,pb5,pce,ibm_fez;ibm_marrakesh;ibm_torino,200,1000,2,none,1000,none,true,not_available_in_archived_metadata,4361.78,false,"Runtime-managed Estimator mitigation was requested through resilience_level=2. No paired resilience_level=0 execution was performed, so a circuit-specific mitigation-overhead multiplier is not estimated retrospectively."
MDKP,pet2,pce,ibm_fez;ibm_marrakesh;ibm_torino,200,1000,2,none,1000,none,true,not_available_in_archived_metadata,2856.01,false,"Runtime-managed Estimator mitigation was requested through resilience_level=2. No paired resilience_level=0 execution was performed, so a circuit-specific mitigation-overhead multiplier is not estimated retrospectively."
MDKP,pet3,pce,ibm_fez;ibm_marrakesh;ibm_torino,200,1000,2,none,1000,none,true,not_available_in_archived_metadata,8847.46,false,"Runtime-managed Estimator mitigation was requested through resilience_level=2. No paired resilience_level=0 execution was performed, so a circuit-specific mitigation-overhead multiplier is not estimated retrospectively."
MDKP,pet4,pce,ibm_fez;ibm_marrakesh;ibm_torino,200,1000,2,none,1000,none,true,not_available_in_archived_metadata,4304.11,false,"Runtime-managed Estimator mitigation was requested through resilience_level=2. No paired resilience_level=0 execution was performed, so a circuit-specific mitigation-overhead multiplier is not estimated retrospectively."
MDKP,pet5,pce,ibm_fez;ibm_marrakesh;ibm_torino,200,1000,2,none,1000,none,true,not_available_in_archived_metadata,2443.17,false,"Runtime-managed Estimator mitigation was requested through resilience_level=2. No paired resilience_level=0 execution was performed, so a circuit-specific mitigation-overhead multiplier is not estimated retrospectively."
MDKP,pet6,pce,ibm_fez;ibm_marrakesh;ibm_torino,200,1000,2,none,1000,none,true,not_available_in_archived_metadata,2751.95,false,"Runtime-managed Estimator mitigation was requested through resilience_level=2. No paired resilience_level=0 execution was performed, so a circuit-specific mitigation-overhead multiplier is not estimated retrospectively."
MDKP,pet7,pce,ibm_fez;ibm_marrakesh;ibm_torino,200,1000,2,none,1000,none,true,not_available_in_archived_metadata,4658.83,false,"Runtime-managed Estimator mitigation was requested through resilience_level=2. No paired resilience_level=0 execution was performed, so a circuit-specific mitigation-overhead multiplier is not estimated retrospectively."
MDKP,hp1,qaoa,ibm_fez;ibm_marrakesh;ibm_torino,56,1000,2,none,1000,none,true,not_available_in_archived_metadata,1149.13,false,"Runtime-managed Estimator mitigation was requested through resilience_level=2. No paired resilience_level=0 execution was performed, so a circuit-specific mitigation-overhead multiplier is not estimated retrospectively."
MDKP,hp2,qaoa,ibm_fez;ibm_marrakesh;ibm_torino,60,1000,2,none,1000,none,true,not_available_in_archived_metadata,1711.5,false,"Runtime-managed Estimator mitigation was requested through resilience_level=2. No paired resilience_level=0 execution was performed, so a circuit-specific mitigation-overhead multiplier is not estimated retrospectively."
MDKP,pb1,qaoa,ibm_fez;ibm_marrakesh;ibm_torino,49,1000,2,none,1000,none,true,not_available_in_archived_metadata,1531.54,false,"Runtime-managed Estimator mitigation was requested through resilience_level=2. No paired resilience_level=0 execution was performed, so a circuit-specific mitigation-overhead multiplier is not estimated retrospectively."
MDKP,pb2,qaoa,ibm_fez;ibm_marrakesh;ibm_torino,49,1000,2,none,1000,none,true,not_available_in_archived_metadata,1511.74,false,"Runtime-managed Estimator mitigation was requested through resilience_level=2. No paired resilience_level=0 execution was performed, so a circuit-specific mitigation-overhead multiplier is not estimated retrospectively."
MDKP,pb4,qaoa,ibm_fez;ibm_marrakesh;ibm_torino,57,1000,2,none,1000,none,true,not_available_in_archived_metadata,1775.71,false,"Runtime-managed Estimator mitigation was requested through resilience_level=2. No paired resilience_level=0 execution was performed, so a circuit-specific mitigation-overhead multiplier is not estimated retrospectively."
MDKP,pb5,qaoa,ibm_fez;ibm_marrakesh;ibm_torino,53,1000,2,none,1000,none,true,not_available_in_archived_metadata,1185.3,false,"Runtime-managed Estimator mitigation was requested through resilience_level=2. No paired resilience_level=0 execution was performed, so a circuit-specific mitigation-overhead multiplier is not estimated retrospectively."
MDKP,pet2,qaoa,ibm_fez;ibm_marrakesh;ibm_torino,63,1000,2,none,1000,none,true,not_available_in_archived_metadata,1127.18,false,"Runtime-managed Estimator mitigation was requested through resilience_level=2. No paired resilience_level=0 execution was performed, so a circuit-specific mitigation-overhead multiplier is not estimated retrospectively."
MDKP,pet3,qaoa,ibm_fez;ibm_marrakesh;ibm_torino,53,1000,2,none,1000,none,true,not_available_in_archived_metadata,1406.66,false,"Runtime-managed Estimator mitigation was requested through resilience_level=2. No paired resilience_level=0 execution was performed, so a circuit-specific mitigation-overhead multiplier is not estimated retrospectively."
MDKP,pet4,qaoa,ibm_fez;ibm_marrakesh;ibm_torino,53,1000,2,none,1000,none,true,not_available_in_archived_metadata,1497.43,false,"Runtime-managed Estimator mitigation was requested through resilience_level=2. No paired resilience_level=0 execution was performed, so a circuit-specific mitigation-overhead multiplier is not estimated retrospectively."
MDKP,pet5,qaoa,ibm_fez;ibm_marrakesh;ibm_torino,56,1000,2,none,1000,none,true,not_available_in_archived_metadata,3970.42,false,"Runtime-managed Estimator mitigation was requested through resilience_level=2. No paired resilience_level=0 execution was performed, so a circuit-specific mitigation-overhead multiplier is not estimated retrospectively."
MDKP,pet6,qaoa,ibm_fez;ibm_marrakesh;ibm_torino,51,1000,2,none,1000,none,true,not_available_in_archived_metadata,1386.65,false,"Runtime-managed Estimator mitigation was requested through resilience_level=2. No paired resilience_level=0 execution was performed, so a circuit-specific mitigation-overhead multiplier is not estimated retrospectively."
MDKP,pet7,qaoa,ibm_fez;ibm_marrakesh;ibm_torino,58,1000,2,none,1000,none,true,not_available_in_archived_metadata,1884.02,false,"Runtime-managed Estimator mitigation was requested through resilience_level=2. No paired resilience_level=0 execution was performed, so a circuit-specific mitigation-overhead multiplier is not estimated retrospectively."
MDKP,hp1,qrao,ibm_fez;ibm_marrakesh;ibm_torino,200,1000,2,none,1000,none,true,not_available_in_archived_metadata,14246.2,false,"Runtime-managed Estimator mitigation was requested through resilience_level=2. No paired resilience_level=0 execution was performed, so a circuit-specific mitigation-overhead multiplier is not estimated retrospectively."
MDKP,hp2,qrao,ibm_fez;ibm_marrakesh;ibm_torino,200,1000,2,none,1000,none,true,not_available_in_archived_metadata,13638.7,false,"Runtime-managed Estimator mitigation was requested through resilience_level=2. No paired resilience_level=0 execution was performed, so a circuit-specific mitigation-overhead multiplier is not estimated retrospectively."
MDKP,pb1,qrao,ibm_fez;ibm_marrakesh;ibm_torino,200,1000,2,none,1000,none,true,not_available_in_archived_metadata,9546.88,false,"Runtime-managed Estimator mitigation was requested through resilience_level=2. No paired resilience_level=0 execution was performed, so a circuit-specific mitigation-overhead multiplier is not estimated retrospectively."
MDKP,pb2,qrao,ibm_fez;ibm_marrakesh;ibm_torino,200,1000,2,none,1000,none,true,not_available_in_archived_metadata,8309.98,false,"Runtime-managed Estimator mitigation was requested through resilience_level=2. No paired resilience_level=0 execution was performed, so a circuit-specific mitigation-overhead multiplier is not estimated retrospectively."
MDKP,pb4,qrao,ibm_fez;ibm_marrakesh;ibm_torino,200,1000,2,none,1000,none,true,not_available_in_archived_metadata,5713.94,false,"Runtime-managed Estimator mitigation was requested through resilience_level=2. No paired resilience_level=0 execution was performed, so a circuit-specific mitigation-overhead multiplier is not estimated retrospectively."
MDKP,pb5,qrao,ibm_fez;ibm_marrakesh;ibm_torino,200,1000,2,none,1000,none,true,not_available_in_archived_metadata,11320.5,false,"Runtime-managed Estimator mitigation was requested through resilience_level=2. No paired resilience_level=0 execution was performed, so a circuit-specific mitigation-overhead multiplier is not estimated retrospectively."
MDKP,pet2,qrao,ibm_fez;ibm_marrakesh;ibm_torino,200,1000,2,none,1000,none,true,not_available_in_archived_metadata,5815.16,false,"Runtime-managed Estimator mitigation was requested through resilience_level=2. No paired resilience_level=0 execution was performed, so a circuit-specific mitigation-overhead multiplier is not estimated retrospectively."
MDKP,pet3,qrao,ibm_fez;ibm_marrakesh;ibm_torino,200,1000,2,none,1000,none,true,not_available_in_archived_metadata,9475.18,false,"Runtime-managed Estimator mitigation was requested through resilience_level=2. No paired resilience_level=0 execution was performed, so a circuit-specific mitigation-overhead multiplier is not estimated retrospectively."
MDKP,pet4,qrao,ibm_fez;ibm_marrakesh;ibm_torino,200,1000,2,none,1000,none,true,not_available_in_archived_metadata,6930.86,false,"Runtime-managed Estimator mitigation was requested through resilience_level=2. No paired resilience_level=0 execution was performed, so a circuit-specific mitigation-overhead multiplier is not estimated retrospectively."
MDKP,pet5,qrao,ibm_fez;ibm_marrakesh;ibm_torino,200,1000,2,none,1000,none,true,not_available_in_archived_metadata,15529.7,false,"Runtime-managed Estimator mitigation was requested through resilience_level=2. No paired resilience_level=0 execution was performed, so a circuit-specific mitigation-overhead multiplier is not estimated retrospectively."
MDKP,pet6,qrao,ibm_fez;ibm_marrakesh;ibm_torino,200,1000,2,none,1000,none,true,not_available_in_archived_metadata,13790.6,false,"Runtime-managed Estimator mitigation was requested through resilience_level=2. No paired resilience_level=0 execution was performed, so a circuit-specific mitigation-overhead multiplier is not estimated retrospectively."
MDKP,pet7,qrao,ibm_fez;ibm_marrakesh;ibm_torino,200,1000,2,none,1000,none,true,not_available_in_archived_metadata,13290.4,false,"Runtime-managed Estimator mitigation was requested through resilience_level=2. No paired resilience_level=0 execution was performed, so a circuit-specific mitigation-overhead multiplier is not estimated retrospectively."
MDKP,hp1,vqe,ibm_fez;ibm_marrakesh;ibm_torino,200,1000,2,none,1000,none,true,not_available_in_archived_metadata,2587.65,false,"Runtime-managed Estimator mitigation was requested through resilience_level=2. No paired resilience_level=0 execution was performed, so a circuit-specific mitigation-overhead multiplier is not estimated retrospectively."
MDKP,hp2,vqe,ibm_fez;ibm_marrakesh;ibm_torino,200,1000,2,none,1000,none,true,not_available_in_archived_metadata,2526.64,false,"Runtime-managed Estimator mitigation was requested through resilience_level=2. No paired resilience_level=0 execution was performed, so a circuit-specific mitigation-overhead multiplier is not estimated retrospectively."
MDKP,pb1,vqe,ibm_fez;ibm_marrakesh;ibm_torino,200,1000,2,none,1000,none,true,not_available_in_archived_metadata,2183.09,false,"Runtime-managed Estimator mitigation was requested through resilience_level=2. No paired resilience_level=0 execution was performed, so a circuit-specific mitigation-overhead multiplier is not estimated retrospectively."
MDKP,pb2,vqe,ibm_fez;ibm_marrakesh;ibm_torino,200,1000,2,none,1000,none,true,not_available_in_archived_metadata,2479.82,false,"Runtime-managed Estimator mitigation was requested through resilience_level=2. No paired resilience_level=0 execution was performed, so a circuit-specific mitigation-overhead multiplier is not estimated retrospectively."
MDKP,pb4,vqe,ibm_fez;ibm_marrakesh;ibm_torino,200,1000,2,none,1000,none,true,not_available_in_archived_metadata,2253.71,false,"Runtime-managed Estimator mitigation was requested through resilience_level=2. No paired resilience_level=0 execution was performed, so a circuit-specific mitigation-overhead multiplier is not estimated retrospectively."
MDKP,pb5,vqe,ibm_fez;ibm_marrakesh;ibm_torino,200,1000,2,none,1000,none,true,not_available_in_archived_metadata,2667.07,false,"Runtime-managed Estimator mitigation was requested through resilience_level=2. No paired resilience_level=0 execution was performed, so a circuit-specific mitigation-overhead multiplier is not estimated retrospectively."
MDKP,pet2,vqe,ibm_fez;ibm_marrakesh;ibm_torino,200,1000,2,none,1000,none,true,not_available_in_archived_metadata,2566.83,false,"Runtime-managed Estimator mitigation was requested through resilience_level=2. No paired resilience_level=0 execution was performed, so a circuit-specific mitigation-overhead multiplier is not estimated retrospectively."
MDKP,pet3,vqe,ibm_fez;ibm_marrakesh;ibm_torino,200,1000,2,none,1000,none,true,not_available_in_archived_metadata,2336.17,false,"Runtime-managed Estimator mitigation was requested through resilience_level=2. No paired resilience_level=0 execution was performed, so a circuit-specific mitigation-overhead multiplier is not estimated retrospectively."
MDKP,pet4,vqe,ibm_fez;ibm_marrakesh;ibm_torino,200,1000,2,none,1000,none,true,not_available_in_archived_metadata,5228.95,false,"Runtime-managed Estimator mitigation was requested through resilience_level=2. No paired resilience_level=0 execution was performed, so a circuit-specific mitigation-overhead multiplier is not estimated retrospectively."
MDKP,pet5,vqe,ibm_fez;ibm_marrakesh;ibm_torino,200,1000,2,none,1000,none,true,not_available_in_archived_metadata,6295.54,false,"Runtime-managed Estimator mitigation was requested through resilience_level=2. No paired resilience_level=0 execution was performed, so a circuit-specific mitigation-overhead multiplier is not estimated retrospectively."
MDKP,pet6,vqe,ibm_fez;ibm_marrakesh;ibm_torino,200,1000,2,none,1000,none,true,not_available_in_archived_metadata,2470.36,false,"Runtime-managed Estimator mitigation was requested through resilience_level=2. No paired resilience_level=0 execution was performed, so a circuit-specific mitigation-overhead multiplier is not estimated retrospectively."
MDKP,pet7,vqe,ibm_fez;ibm_marrakesh;ibm_torino,200,1000,2,none,1000,none,true,not_available_in_archived_metadata,2654.77,false,"Runtime-managed Estimator mitigation was requested through resilience_level=2. No paired resilience_level=0 execution was performed, so a circuit-specific mitigation-overhead multiplier is not estimated retrospectively."
MDKP,hp1,ws_qaoa,ibm_fez;ibm_marrakesh;ibm_torino,60,1000,2,none,1000,none,true,not_available_in_archived_metadata,1161.04,false,"Runtime-managed Estimator mitigation was requested through resilience_level=2. No paired resilience_level=0 execution was performed, so a circuit-specific mitigation-overhead multiplier is not estimated retrospectively."
MDKP,hp2,ws_qaoa,ibm_fez;ibm_marrakesh;ibm_torino,56,1000,2,none,1000,none,true,not_available_in_archived_metadata,1027.47,false,"Runtime-managed Estimator mitigation was requested through resilience_level=2. No paired resilience_level=0 execution was performed, so a circuit-specific mitigation-overhead multiplier is not estimated retrospectively."
MDKP,pb1,ws_qaoa,ibm_fez;ibm_marrakesh;ibm_torino,68,1000,2,none,1000,none,true,not_available_in_archived_metadata,1833.14,false,"Runtime-managed Estimator mitigation was requested through resilience_level=2. No paired resilience_level=0 execution was performed, so a circuit-specific mitigation-overhead multiplier is not estimated retrospectively."
MDKP,pb2,ws_qaoa,ibm_fez;ibm_marrakesh;ibm_torino,55,1000,2,none,1000,none,true,not_available_in_archived_metadata,1086.91,false,"Runtime-managed Estimator mitigation was requested through resilience_level=2. No paired resilience_level=0 execution was performed, so a circuit-specific mitigation-overhead multiplier is not estimated retrospectively."
MDKP,pb4,ws_qaoa,ibm_fez;ibm_marrakesh;ibm_torino,63,1000,2,none,1000,none,true,not_available_in_archived_metadata,1283.71,false,"Runtime-managed Estimator mitigation was requested through resilience_level=2. No paired resilience_level=0 execution was performed, so a circuit-specific mitigation-overhead multiplier is not estimated retrospectively."
MDKP,pb5,ws_qaoa,ibm_fez;ibm_marrakesh;ibm_torino,58,1000,2,none,1000,none,true,not_available_in_archived_metadata,1335.06,false,"Runtime-managed Estimator mitigation was requested through resilience_level=2. No paired resilience_level=0 execution was performed, so a circuit-specific mitigation-overhead multiplier is not estimated retrospectively."
MDKP,pet2,ws_qaoa,ibm_fez;ibm_marrakesh;ibm_torino,55,1000,2,none,1000,none,true,not_available_in_archived_metadata,1026.06,false,"Runtime-managed Estimator mitigation was requested through resilience_level=2. No paired resilience_level=0 execution was performed, so a circuit-specific mitigation-overhead multiplier is not estimated retrospectively."
MDKP,pet3,ws_qaoa,ibm_fez;ibm_marrakesh;ibm_torino,54,1000,2,none,1000,none,true,not_available_in_archived_metadata,1468.77,false,"Runtime-managed Estimator mitigation was requested through resilience_level=2. No paired resilience_level=0 execution was performed, so a circuit-specific mitigation-overhead multiplier is not estimated retrospectively."
MDKP,pet4,ws_qaoa,ibm_fez;ibm_marrakesh;ibm_torino,49,1000,2,none,1000,none,true,not_available_in_archived_metadata,920.838,false,"Runtime-managed Estimator mitigation was requested through resilience_level=2. No paired resilience_level=0 execution was performed, so a circuit-specific mitigation-overhead multiplier is not estimated retrospectively."
MDKP,pet5,ws_qaoa,ibm_fez;ibm_marrakesh;ibm_torino,55,1000,2,none,1000,none,true,not_available_in_archived_metadata,1423.69,false,"Runtime-managed Estimator mitigation was requested through resilience_level=2. No paired resilience_level=0 execution was performed, so a circuit-specific mitigation-overhead multiplier is not estimated retrospectively."
MDKP,pet6,ws_qaoa,ibm_fez;ibm_marrakesh;ibm_torino,45,1000,2,none,1000,none,true,not_available_in_archived_metadata,1079.13,false,"Runtime-managed Estimator mitigation was requested through resilience_level=2. No paired resilience_level=0 execution was performed, so a circuit-specific mitigation-overhead multiplier is not estimated retrospectively."
MDKP,pet7,ws_qaoa,ibm_fez;ibm_marrakesh;ibm_torino,57,1000,2,none,1000,none,true,not_available_in_archived_metadata,1521.13,false,"Runtime-managed Estimator mitigation was requested through resilience_level=2. No paired resilience_level=0 execution was performed, so a circuit-specific mitigation-overhead multiplier is not estimated retrospectively."
QAP,chr12a,cvar_vqe,ibm_fez;ibm_marrakesh;ibm_torino,200,1000,2,none,1000,none,true,not_available_in_archived_metadata,2446.25,false,"Runtime-managed Estimator mitigation was requested through resilience_level=2. No paired resilience_level=0 execution was performed, so a circuit-specific mitigation-overhead multiplier is not estimated retrospectively."
QAP,chr12b,cvar_vqe,ibm_fez;ibm_marrakesh;ibm_torino,200,1000,2,none,1000,none,true,not_available_in_archived_metadata,3249.93,false,"Runtime-managed Estimator mitigation was requested through resilience_level=2. No paired resilience_level=0 execution was performed, so a circuit-specific mitigation-overhead multiplier is not estimated retrospectively."
QAP,chr12c,cvar_vqe,ibm_fez;ibm_marrakesh;ibm_torino,200,1000,2,none,1000,none,true,not_available_in_archived_metadata,7190.79,false,"Runtime-managed Estimator mitigation was requested through resilience_level=2. No paired resilience_level=0 execution was performed, so a circuit-specific mitigation-overhead multiplier is not estimated retrospectively."
QAP,had12,cvar_vqe,ibm_fez;ibm_marrakesh;ibm_torino,200,1000,2,none,1000,none,true,not_available_in_archived_metadata,5550.76,false,"Runtime-managed Estimator mitigation was requested through resilience_level=2. No paired resilience_level=0 execution was performed, so a circuit-specific mitigation-overhead multiplier is not estimated retrospectively."
QAP,nug12,cvar_vqe,ibm_fez;ibm_marrakesh;ibm_torino,200,1000,2,none,1000,none,true,not_available_in_archived_metadata,3781.11,false,"Runtime-managed Estimator mitigation was requested through resilience_level=2. No paired resilience_level=0 execution was performed, so a circuit-specific mitigation-overhead multiplier is not estimated retrospectively."
QAP,rou12,cvar_vqe,ibm_fez;ibm_marrakesh;ibm_torino,200,1000,2,none,1000,none,true,not_available_in_archived_metadata,4624.56,false,"Runtime-managed Estimator mitigation was requested through resilience_level=2. No paired resilience_level=0 execution was performed, so a circuit-specific mitigation-overhead multiplier is not estimated retrospectively."
QAP,scr12,cvar_vqe,ibm_fez;ibm_marrakesh;ibm_torino,200,1000,2,none,1000,none,true,not_available_in_archived_metadata,2532.29,false,"Runtime-managed Estimator mitigation was requested through resilience_level=2. No paired resilience_level=0 execution was performed, so a circuit-specific mitigation-overhead multiplier is not estimated retrospectively."
QAP,tai10a,cvar_vqe,ibm_fez;ibm_marrakesh;ibm_torino,200,1000,2,none,1000,none,true,not_available_in_archived_metadata,2739.19,false,"Runtime-managed Estimator mitigation was requested through resilience_level=2. No paired resilience_level=0 execution was performed, so a circuit-specific mitigation-overhead multiplier is not estimated retrospectively."
QAP,tai10b,cvar_vqe,ibm_fez;ibm_marrakesh;ibm_torino,200,1000,2,none,1000,none,true,not_available_in_archived_metadata,2541.73,false,"Runtime-managed Estimator mitigation was requested through resilience_level=2. No paired resilience_level=0 execution was performed, so a circuit-specific mitigation-overhead multiplier is not estimated retrospectively."
QAP,tai12a,cvar_vqe,ibm_fez;ibm_marrakesh;ibm_torino,200,1000,2,none,1000,none,true,not_available_in_archived_metadata,6122.58,false,"Runtime-managed Estimator mitigation was requested through resilience_level=2. No paired resilience_level=0 execution was performed, so a circuit-specific mitigation-overhead multiplier is not estimated retrospectively."
QAP,tai12b,cvar_vqe,ibm_fez;ibm_marrakesh;ibm_torino,200,1000,2,none,1000,none,true,not_available_in_archived_metadata,3042.47,false,"Runtime-managed Estimator mitigation was requested through resilience_level=2. No paired resilience_level=0 execution was performed, so a circuit-specific mitigation-overhead multiplier is not estimated retrospectively."
QAP,chr12a,ma_qaoa,ibm_fez;ibm_marrakesh;ibm_torino,200,1000,2,none,1000,none,true,not_available_in_archived_metadata,6141.35,false,"Runtime-managed Estimator mitigation was requested through resilience_level=2. No paired resilience_level=0 execution was performed, so a circuit-specific mitigation-overhead multiplier is not estimated retrospectively."
QAP,chr12b,ma_qaoa,ibm_fez;ibm_marrakesh;ibm_torino,200,1000,2,none,1000,none,true,not_available_in_archived_metadata,12223.9,false,"Runtime-managed Estimator mitigation was requested through resilience_level=2. No paired resilience_level=0 execution was performed, so a circuit-specific mitigation-overhead multiplier is not estimated retrospectively."
QAP,chr12c,ma_qaoa,ibm_fez;ibm_marrakesh;ibm_torino,200,1000,2,none,1000,none,true,not_available_in_archived_metadata,6153.52,false,"Runtime-managed Estimator mitigation was requested through resilience_level=2. No paired resilience_level=0 execution was performed, so a circuit-specific mitigation-overhead multiplier is not estimated retrospectively."
QAP,had12,qaoa,ibm_fez;ibm_marrakesh;ibm_torino,67,1000,2,none,1000,none,true,not_available_in_archived_metadata,3925.8,false,"Runtime-managed Estimator mitigation was requested through resilience_level=2. No paired resilience_level=0 execution was performed, so a circuit-specific mitigation-overhead multiplier is not estimated retrospectively."
QAP,nug12,ma_qaoa,ibm_fez;ibm_marrakesh;ibm_torino,200,1000,2,none,1000,none,true,not_available_in_archived_metadata,13947.4,false,"Runtime-managed Estimator mitigation was requested through resilience_level=2. No paired resilience_level=0 execution was performed, so a circuit-specific mitigation-overhead multiplier is not estimated retrospectively."
QAP,rou12,qaoa,ibm_fez;ibm_marrakesh;ibm_torino,62,1000,2,none,1000,none,true,not_available_in_archived_metadata,3617.48,false,"Runtime-managed Estimator mitigation was requested through resilience_level=2. No paired resilience_level=0 execution was performed, so a circuit-specific mitigation-overhead multiplier is not estimated retrospectively."
QAP,scr12,ma_qaoa,ibm_fez;ibm_marrakesh;ibm_torino,200,1000,2,none,1000,none,true,not_available_in_archived_metadata,9251.6,false,"Runtime-managed Estimator mitigation was requested through resilience_level=2. No paired resilience_level=0 execution was performed, so a circuit-specific mitigation-overhead multiplier is not estimated retrospectively."
QAP,tai10a,ma_qaoa,ibm_fez;ibm_marrakesh;ibm_torino,200,1000,2,none,1000,none,true,not_available_in_archived_metadata,6840.65,false,"Runtime-managed Estimator mitigation was requested through resilience_level=2. No paired resilience_level=0 execution was performed, so a circuit-specific mitigation-overhead multiplier is not estimated retrospectively."
QAP,tai10b,ma_qaoa,ibm_fez;ibm_marrakesh;ibm_torino,200,1000,2,none,1000,none,true,not_available_in_archived_metadata,6825.43,false,"Runtime-managed Estimator mitigation was requested through resilience_level=2. No paired resilience_level=0 execution was performed, so a circuit-specific mitigation-overhead multiplier is not estimated retrospectively."
QAP,tai12a,qaoa,ibm_fez;ibm_marrakesh;ibm_torino,67,1000,2,none,1000,none,true,not_available_in_archived_metadata,3734.62,false,"Runtime-managed Estimator mitigation was requested through resilience_level=2. No paired resilience_level=0 execution was performed, so a circuit-specific mitigation-overhead multiplier is not estimated retrospectively."
QAP,tai12b,ma_qaoa,ibm_fez;ibm_marrakesh;ibm_torino,200,1000,2,none,1000,none,true,not_available_in_archived_metadata,12398.7,false,"Runtime-managed Estimator mitigation was requested through resilience_level=2. No paired resilience_level=0 execution was performed, so a circuit-specific mitigation-overhead multiplier is not estimated retrospectively."
QAP,chr12a,pce,ibm_fez;ibm_marrakesh;ibm_torino,200,1000,2,none,1000,none,true,not_available_in_archived_metadata,4885.21,false,"Runtime-managed Estimator mitigation was requested through resilience_level=2. No paired resilience_level=0 execution was performed, so a circuit-specific mitigation-overhead multiplier is not estimated retrospectively."
QAP,chr12b,pce,ibm_fez;ibm_marrakesh;ibm_torino,200,1000,2,none,1000,none,true,not_available_in_archived_metadata,3036.76,false,"Runtime-managed Estimator mitigation was requested through resilience_level=2. No paired resilience_level=0 execution was performed, so a circuit-specific mitigation-overhead multiplier is not estimated retrospectively."
QAP,chr12c,pce,ibm_fez;ibm_marrakesh;ibm_torino,200,1000,2,none,1000,none,true,not_available_in_archived_metadata,2722.17,false,"Runtime-managed Estimator mitigation was requested through resilience_level=2. No paired resilience_level=0 execution was performed, so a circuit-specific mitigation-overhead multiplier is not estimated retrospectively."
QAP,had12,pce,ibm_fez;ibm_kingston;ibm_marrakesh;ibm_torino,200,1000,2,none,1000,none,true,not_available_in_archived_metadata,5980.34,false,"Runtime-managed Estimator mitigation was requested through resilience_level=2. No paired resilience_level=0 execution was performed, so a circuit-specific mitigation-overhead multiplier is not estimated retrospectively."
QAP,nug12,pce,ibm_fez;ibm_kingston;ibm_marrakesh;ibm_torino,200,1000,2,none,1000,none,true,not_available_in_archived_metadata,6922.34,false,"Runtime-managed Estimator mitigation was requested through resilience_level=2. No paired resilience_level=0 execution was performed, so a circuit-specific mitigation-overhead multiplier is not estimated retrospectively."
QAP,rou12,pce,aer_simulator_mps;ibm_fez;ibm_kingston;ibm_marrakesh;ibm_torino,200,1000,2,none,1000,none,true,not_available_in_archived_metadata,7509.81,false,"Runtime-managed Estimator mitigation was requested through resilience_level=2. No paired resilience_level=0 execution was performed, so a circuit-specific mitigation-overhead multiplier is not estimated retrospectively."
QAP,chr12a,qaoa,ibm_fez;ibm_marrakesh;ibm_torino,60,1000,2,none,1000,none,true,not_available_in_archived_metadata,2072.04,false,"Runtime-managed Estimator mitigation was requested through resilience_level=2. No paired resilience_level=0 execution was performed, so a circuit-specific mitigation-overhead multiplier is not estimated retrospectively."
QAP,chr12b,qaoa,ibm_fez;ibm_marrakesh;ibm_torino,63,1000,2,none,1000,none,true,not_available_in_archived_metadata,3050,false,"Runtime-managed Estimator mitigation was requested through resilience_level=2. No paired resilience_level=0 execution was performed, so a circuit-specific mitigation-overhead multiplier is not estimated retrospectively."
QAP,chr12c,qaoa,ibm_fez;ibm_marrakesh;ibm_torino,64,1000,2,none,1000,none,true,not_available_in_archived_metadata,1975.35,false,"Runtime-managed Estimator mitigation was requested through resilience_level=2. No paired resilience_level=0 execution was performed, so a circuit-specific mitigation-overhead multiplier is not estimated retrospectively."
QAP,had12,qaoa,ibm_fez;ibm_marrakesh;ibm_torino,62,1000,2,none,1000,none,true,not_available_in_archived_metadata,2550.76,false,"Runtime-managed Estimator mitigation was requested through resilience_level=2. No paired resilience_level=0 execution was performed, so a circuit-specific mitigation-overhead multiplier is not estimated retrospectively."
QAP,nug12,qaoa,ibm_fez;ibm_marrakesh;ibm_torino,53,1000,2,none,1000,none,true,not_available_in_archived_metadata,3595.98,false,"Runtime-managed Estimator mitigation was requested through resilience_level=2. No paired resilience_level=0 execution was performed, so a circuit-specific mitigation-overhead multiplier is not estimated retrospectively."
QAP,rou12,qaoa,ibm_fez;ibm_marrakesh;ibm_torino,48,1000,2,none,1000,none,true,not_available_in_archived_metadata,2205.65,false,"Runtime-managed Estimator mitigation was requested through resilience_level=2. No paired resilience_level=0 execution was performed, so a circuit-specific mitigation-overhead multiplier is not estimated retrospectively."
QAP,scr12,qaoa,ibm_fez;ibm_marrakesh;ibm_torino,62,1000,2,none,1000,none,true,not_available_in_archived_metadata,3311.81,false,"Runtime-managed Estimator mitigation was requested through resilience_level=2. No paired resilience_level=0 execution was performed, so a circuit-specific mitigation-overhead multiplier is not estimated retrospectively."
QAP,tai10a,qaoa,ibm_fez;ibm_marrakesh;ibm_torino,54,1000,2,none,1000,none,true,not_available_in_archived_metadata,3158.4,false,"Runtime-managed Estimator mitigation was requested through resilience_level=2. No paired resilience_level=0 execution was performed, so a circuit-specific mitigation-overhead multiplier is not estimated retrospectively."
QAP,tai10b,qaoa,ibm_fez;ibm_marrakesh;ibm_torino,61,1000,2,none,1000,none,true,not_available_in_archived_metadata,1784.08,false,"Runtime-managed Estimator mitigation was requested through resilience_level=2. No paired resilience_level=0 execution was performed, so a circuit-specific mitigation-overhead multiplier is not estimated retrospectively."
QAP,tai12a,qaoa,ibm_fez;ibm_marrakesh;ibm_torino,55,1000,2,none,1000,none,true,not_available_in_archived_metadata,2659.59,false,"Runtime-managed Estimator mitigation was requested through resilience_level=2. No paired resilience_level=0 execution was performed, so a circuit-specific mitigation-overhead multiplier is not estimated retrospectively."
QAP,tai12b,qaoa,ibm_fez;ibm_marrakesh;ibm_torino,54,1000,2,none,1000,none,true,not_available_in_archived_metadata,2751.65,false,"Runtime-managed Estimator mitigation was requested through resilience_level=2. No paired resilience_level=0 execution was performed, so a circuit-specific mitigation-overhead multiplier is not estimated retrospectively."
QAP,chr12a,qrao,ibm_fez;ibm_kingston;ibm_marrakesh;ibm_torino,200,1000,2,none,1,none,true,not_available_in_archived_metadata,15346.9,false,"Runtime-managed Estimator mitigation was requested through resilience_level=2. No paired resilience_level=0 execution was performed, so a circuit-specific mitigation-overhead multiplier is not estimated retrospectively."
QAP,chr12b,qrao,ibm_fez;ibm_kingston;ibm_marrakesh;ibm_torino,200,1000,2,none,1,none,true,not_available_in_archived_metadata,8344.64,false,"Runtime-managed Estimator mitigation was requested through resilience_level=2. No paired resilience_level=0 execution was performed, so a circuit-specific mitigation-overhead multiplier is not estimated retrospectively."
QAP,chr12c,qrao,ibm_fez;ibm_kingston;ibm_marrakesh;ibm_torino,200,1000,2,none,1,none,true,not_available_in_archived_metadata,11529.2,false,"Runtime-managed Estimator mitigation was requested through resilience_level=2. No paired resilience_level=0 execution was performed, so a circuit-specific mitigation-overhead multiplier is not estimated retrospectively."
QAP,had12,qrao,ibm_fez;ibm_kingston;ibm_marrakesh;ibm_torino,200,1000,2,none,1,none,true,not_available_in_archived_metadata,27821.1,false,"Runtime-managed Estimator mitigation was requested through resilience_level=2. No paired resilience_level=0 execution was performed, so a circuit-specific mitigation-overhead multiplier is not estimated retrospectively."
QAP,nug12,qrao,ibm_fez;ibm_kingston;ibm_marrakesh;ibm_torino,200,1000,2,none,1,none,true,not_available_in_archived_metadata,29371.7,false,"Runtime-managed Estimator mitigation was requested through resilience_level=2. No paired resilience_level=0 execution was performed, so a circuit-specific mitigation-overhead multiplier is not estimated retrospectively."
QAP,rou12,qrao,ibm_fez;ibm_kingston;ibm_marrakesh;ibm_torino,200,1000,2,none,1,none,true,not_available_in_archived_metadata,24213.7,false,"Runtime-managed Estimator mitigation was requested through resilience_level=2. No paired resilience_level=0 execution was performed, so a circuit-specific mitigation-overhead multiplier is not estimated retrospectively."
QAP,scr12,qrao,ibm_fez;ibm_kingston;ibm_marrakesh;ibm_torino,200,1000,2,none,1,none,true,not_available_in_archived_metadata,13188.7,false,"Runtime-managed Estimator mitigation was requested through resilience_level=2. No paired resilience_level=0 execution was performed, so a circuit-specific mitigation-overhead multiplier is not estimated retrospectively."
QAP,chr12a,vqe,ibm_fez;ibm_marrakesh;ibm_torino,200,1000,2,none,1000,none,true,not_available_in_archived_metadata,2982.17,false,"Runtime-managed Estimator mitigation was requested through resilience_level=2. No paired resilience_level=0 execution was performed, so a circuit-specific mitigation-overhead multiplier is not estimated retrospectively."
QAP,chr12b,vqe,ibm_fez;ibm_marrakesh;ibm_torino,200,1000,2,none,1000,none,true,not_available_in_archived_metadata,8655.03,false,"Runtime-managed Estimator mitigation was requested through resilience_level=2. No paired resilience_level=0 execution was performed, so a circuit-specific mitigation-overhead multiplier is not estimated retrospectively."
QAP,chr12c,vqe,ibm_fez;ibm_marrakesh;ibm_torino,200,1000,2,none,1000,none,true,not_available_in_archived_metadata,3187.07,false,"Runtime-managed Estimator mitigation was requested through resilience_level=2. No paired resilience_level=0 execution was performed, so a circuit-specific mitigation-overhead multiplier is not estimated retrospectively."
QAP,had12,vqe,ibm_fez;ibm_marrakesh;ibm_torino,200,1000,2,none,1000,none,true,not_available_in_archived_metadata,5341.05,false,"Runtime-managed Estimator mitigation was requested through resilience_level=2. No paired resilience_level=0 execution was performed, so a circuit-specific mitigation-overhead multiplier is not estimated retrospectively."
QAP,nug12,vqe,ibm_fez;ibm_marrakesh;ibm_torino,200,1000,2,none,1000,none,true,not_available_in_archived_metadata,3787.03,false,"Runtime-managed Estimator mitigation was requested through resilience_level=2. No paired resilience_level=0 execution was performed, so a circuit-specific mitigation-overhead multiplier is not estimated retrospectively."
QAP,rou12,vqe,ibm_fez;ibm_marrakesh;ibm_torino,200,1000,2,none,1000,none,true,not_available_in_archived_metadata,6596.9,false,"Runtime-managed Estimator mitigation was requested through resilience_level=2. No paired resilience_level=0 execution was performed, so a circuit-specific mitigation-overhead multiplier is not estimated retrospectively."
QAP,scr12,vqe,ibm_fez;ibm_marrakesh;ibm_torino,200,1000,2,none,1000,none,true,not_available_in_archived_metadata,7993.74,false,"Runtime-managed Estimator mitigation was requested through resilience_level=2. No paired resilience_level=0 execution was performed, so a circuit-specific mitigation-overhead multiplier is not estimated retrospectively."
QAP,tai10a,vqe,ibm_fez;ibm_marrakesh;ibm_torino,200,1000,2,none,1000,none,true,not_available_in_archived_metadata,3773.91,false,"Runtime-managed Estimator mitigation was requested through resilience_level=2. No paired resilience_level=0 execution was performed, so a circuit-specific mitigation-overhead multiplier is not estimated retrospectively."
QAP,tai10b,vqe,ibm_fez;ibm_marrakesh;ibm_torino,200,1000,2,none,1000,none,true,not_available_in_archived_metadata,3622.27,false,"Runtime-managed Estimator mitigation was requested through resilience_level=2. No paired resilience_level=0 execution was performed, so a circuit-specific mitigation-overhead multiplier is not estimated retrospectively."
QAP,tai12a,vqe,ibm_fez;ibm_marrakesh;ibm_torino,200,1000,2,none,1000,none,true,not_available_in_archived_metadata,4458.28,false,"Runtime-managed Estimator mitigation was requested through resilience_level=2. No paired resilience_level=0 execution was performed, so a circuit-specific mitigation-overhead multiplier is not estimated retrospectively."
QAP,tai12b,vqe,ibm_fez;ibm_marrakesh;ibm_torino,200,1000,2,none,1000,none,true,not_available_in_archived_metadata,6053.2,false,"Runtime-managed Estimator mitigation was requested through resilience_level=2. No paired resilience_level=0 execution was performed, so a circuit-specific mitigation-overhead multiplier is not estimated retrospectively."
QAP,chr12a,ws_qaoa,ibm_fez;ibm_marrakesh;ibm_torino,49,1000,2,none,1000,none,true,not_available_in_archived_metadata,1362.89,false,"Runtime-managed Estimator mitigation was requested through resilience_level=2. No paired resilience_level=0 execution was performed, so a circuit-specific mitigation-overhead multiplier is not estimated retrospectively."
QAP,chr12b,ws_qaoa,ibm_fez;ibm_marrakesh;ibm_torino,46,1000,2,none,1000,none,true,not_available_in_archived_metadata,1641.73,false,"Runtime-managed Estimator mitigation was requested through resilience_level=2. No paired resilience_level=0 execution was performed, so a circuit-specific mitigation-overhead multiplier is not estimated retrospectively."
QAP,chr12c,ws_qaoa,ibm_fez;ibm_marrakesh;ibm_torino,63,1000,2,none,1000,none,true,not_available_in_archived_metadata,1941.46,false,"Runtime-managed Estimator mitigation was requested through resilience_level=2. No paired resilience_level=0 execution was performed, so a circuit-specific mitigation-overhead multiplier is not estimated retrospectively."
QAP,had12,ws_qaoa,ibm_fez;ibm_marrakesh;ibm_torino,50,1000,2,none,1000,none,true,not_available_in_archived_metadata,1557.5,false,"Runtime-managed Estimator mitigation was requested through resilience_level=2. No paired resilience_level=0 execution was performed, so a circuit-specific mitigation-overhead multiplier is not estimated retrospectively."
QAP,nug12,ws_qaoa,ibm_fez;ibm_marrakesh;ibm_torino,46,1000,2,none,1000,none,true,not_available_in_archived_metadata,7351.63,false,"Runtime-managed Estimator mitigation was requested through resilience_level=2. No paired resilience_level=0 execution was performed, so a circuit-specific mitigation-overhead multiplier is not estimated retrospectively."
QAP,rou12,ws_qaoa,ibm_fez;ibm_marrakesh;ibm_torino,59,1000,2,none,1000,none,true,not_available_in_archived_metadata,3695.03,false,"Runtime-managed Estimator mitigation was requested through resilience_level=2. No paired resilience_level=0 execution was performed, so a circuit-specific mitigation-overhead multiplier is not estimated retrospectively."
QAP,scr12,ws_qaoa,ibm_fez;ibm_marrakesh;ibm_torino,66,1000,2,none,1000,none,true,not_available_in_archived_metadata,3210.15,false,"Runtime-managed Estimator mitigation was requested through resilience_level=2. No paired resilience_level=0 execution was performed, so a circuit-specific mitigation-overhead multiplier is not estimated retrospectively."
QAP,tai10a,ws_qaoa,ibm_fez;ibm_marrakesh;ibm_torino,50,1000,2,none,1000,none,true,not_available_in_archived_metadata,1534.65,false,"Runtime-managed Estimator mitigation was requested through resilience_level=2. No paired resilience_level=0 execution was performed, so a circuit-specific mitigation-overhead multiplier is not estimated retrospectively."
QAP,tai10b,ws_qaoa,ibm_fez;ibm_marrakesh;ibm_torino,58,1000,2,none,1000,none,true,not_available_in_archived_metadata,1762.2,false,"Runtime-managed Estimator mitigation was requested through resilience_level=2. No paired resilience_level=0 execution was performed, so a circuit-specific mitigation-overhead multiplier is not estimated retrospectively."
