problem,instance,method,method_family,backend,transpiled_two_qubit_gates,backend_two_qubit_error,hardware_feasible,hardware_optimality_gap_percent,hardware_tdev,quality_metric,reference_fidelity_proxy,point_panel,infeasible_problem_lane,marker_key,problem_color_key,source_artifact
MSP,ms_seed0_prod2,CVaR-VQE,VQE-family,ibm_torino,144,not_available_in_source_artifact,true,not_available,27,tdev,0.648787982556,excluded_from_gap_panel,not_applicable,square,MSP,research_benchmark/research_benchmark/results_hardware/market_share/market_share_cvar_vqe/ms_seed0_prod2_gen/result.json; metadata_selection=trace_last_metadata_fallback
MSP,ms_seed0_prod3,CVaR-VQE,VQE-family,ibm_torino,252,not_available_in_source_artifact,true,not_available,347,tdev,0.469007615412,excluded_from_gap_panel,not_applicable,square,MSP,research_benchmark/research_benchmark/results_hardware/market_share/market_share_cvar_vqe/ms_seed0_prod3_gen/result.json; metadata_selection=trace_best_sample_energy_match
MSP,ms_seed0_prod4,CVaR-VQE,VQE-family,ibm_torino,784,not_available_in_source_artifact,true,not_available,150,tdev,0.0948427452661,excluded_from_gap_panel,not_applicable,square,MSP,research_benchmark/research_benchmark/results_hardware/market_share/market_share_cvar_vqe/ms_seed0_prod4_gen/result.json; metadata_selection=trace_best_sample_energy_match
MSP,ms_seed0_prod5,CVaR-VQE,VQE-family,ibm_marrakesh,1534,not_available_in_source_artifact,true,not_available,476,tdev,0.0099626035879,excluded_from_gap_panel,not_applicable,square,MSP,research_benchmark/research_benchmark/results_hardware/market_share/market_share_cvar_vqe/ms_seed0_prod5_gen/result.json; metadata_selection=trace_best_sample_energy_match
MSP,ms_seed1_prod2,CVaR-VQE,VQE-family,ibm_torino,272,not_available_in_source_artifact,true,not_available,9,tdev,0.441654907761,excluded_from_gap_panel,not_applicable,square,MSP,research_benchmark/research_benchmark/results_hardware/market_share/market_share_cvar_vqe/ms_seed1_prod2_gen/result.json; metadata_selection=trace_best_sample_energy_match
MSP,ms_seed1_prod3,CVaR-VQE,VQE-family,ibm_marrakesh,252,not_available_in_source_artifact,true,not_available,51,tdev,0.469007615412,excluded_from_gap_panel,not_applicable,square,MSP,research_benchmark/research_benchmark/results_hardware/market_share/market_share_cvar_vqe/ms_seed1_prod3_gen/result.json; metadata_selection=trace_best_sample_energy_match
MSP,ms_seed1_prod4,CVaR-VQE,VQE-family,ibm_torino,784,not_available_in_source_artifact,true,not_available,48,tdev,0.0948427452661,excluded_from_gap_panel,not_applicable,square,MSP,research_benchmark/research_benchmark/results_hardware/market_share/market_share_cvar_vqe/ms_seed1_prod4_gen/result.json; metadata_selection=trace_best_sample_energy_match
MSP,ms_seed1_prod5,CVaR-VQE,VQE-family,ibm_fez,1621,not_available_in_source_artifact,true,not_available,565,tdev,0.00767099364919,excluded_from_gap_panel,not_applicable,square,MSP,research_benchmark/research_benchmark/results_hardware/market_share/market_share_cvar_vqe/ms_seed1_prod5_gen/result.json; metadata_selection=trace_best_sample_energy_match
MSP,ms_seed0_prod2,MA-QAOA,QAOA-family,ibm_torino,13644,not_available_in_source_artifact,true,not_available,10,tdev,1.57304086213e-18,excluded_from_gap_panel,not_applicable,diamond,MSP,research_benchmark/research_benchmark/results_hardware/market_share/market_share_ma_qaoa/ms_seed0_prod2_gen/result.json; metadata_selection=trace_best_sample_energy_match
MSP,ms_seed0_prod3,MA-QAOA,QAOA-family,ibm_torino,39302,not_available_in_source_artifact,true,not_available,203,tdev,5.21329096715e-52,excluded_from_gap_panel,not_applicable,diamond,MSP,research_benchmark/research_benchmark/results_hardware/market_share/market_share_ma_qaoa/ms_seed0_prod3_gen/result.json; metadata_selection=trace_best_sample_energy_match
MSP,ms_seed0_prod4,MA-QAOA,QAOA-family,ibm_torino,75551,not_available_in_source_artifact,true,not_available,619,tdev,2.61761399476e-99,excluded_from_gap_panel,not_applicable,diamond,MSP,research_benchmark/research_benchmark/results_hardware/market_share/market_share_ma_qaoa/ms_seed0_prod4_gen/result.json; metadata_selection=trace_best_sample_energy_match
MSP,ms_seed0_prod5,MA-QAOA,QAOA-family,ibm_fez,120201,not_available_in_source_artifact,true,not_available,2440,tdev,1.43457817478e-157,excluded_from_gap_panel,not_applicable,diamond,MSP,research_benchmark/research_benchmark/results_hardware/market_share/market_share_ma_qaoa/ms_seed0_prod5_gen/result.json; metadata_selection=trace_best_sample_energy_match
MSP,ms_seed1_prod2,MA-QAOA,QAOA-family,ibm_fez,14473,not_available_in_source_artifact,true,not_available,19,tdev,1.30324553173e-19,excluded_from_gap_panel,not_applicable,diamond,MSP,research_benchmark/research_benchmark/results_hardware/market_share/market_share_ma_qaoa/ms_seed1_prod2_gen/result.json; metadata_selection=trace_best_sample_energy_match
MSP,ms_seed1_prod3,MA-QAOA,QAOA-family,ibm_torino,40562,not_available_in_source_artifact,true,not_available,54,tdev,1.18307271217e-53,excluded_from_gap_panel,not_applicable,diamond,MSP,research_benchmark/research_benchmark/results_hardware/market_share/market_share_ma_qaoa/ms_seed1_prod3_gen/result.json; metadata_selection=trace_best_sample_energy_match
MSP,ms_seed1_prod4,MA-QAOA,QAOA-family,ibm_fez,76248,not_available_in_source_artifact,true,not_available,85,tdev,3.22426661978e-100,excluded_from_gap_panel,not_applicable,diamond,MSP,research_benchmark/research_benchmark/results_hardware/market_share/market_share_ma_qaoa/ms_seed1_prod4_gen/result.json; metadata_selection=trace_best_sample_energy_match
MSP,ms_seed1_prod5,MA-QAOA,QAOA-family,ibm_marrakesh,132622,not_available_in_source_artifact,true,not_available,495,tdev,8.89786082322e-174,excluded_from_gap_panel,not_applicable,diamond,MSP,research_benchmark/research_benchmark/results_hardware/market_share/market_share_ma_qaoa/ms_seed1_prod5_gen/result.json; metadata_selection=trace_best_sample_energy_match
MSP,ms_seed0_prod2,PCE,PCE,ibm_torino,168,not_available_in_source_artifact,true,not_available,19,tdev,0.603651933973,excluded_from_gap_panel,not_applicable,pentagon,MSP,research_benchmark/research_benchmark/results_hardware/market_share/market_share_pce/ms_seed0_prod2_gen/result.json; metadata_selection=trace_best_sample_energy_match
MSP,ms_seed0_prod3,PCE,PCE,ibm_torino,224,not_available_in_source_artifact,true,not_available,46,tdev,0.510170640226,excluded_from_gap_panel,not_applicable,pentagon,MSP,research_benchmark/research_benchmark/results_hardware/market_share/market_share_pce/ms_seed0_prod3_gen/result.json; metadata_selection=trace_best_sample_energy_match
MSP,ms_seed0_prod4,PCE,PCE,ibm_torino,360,not_available_in_source_artifact,true,not_available,240,tdev,0.339044725286,excluded_from_gap_panel,not_applicable,pentagon,MSP,research_benchmark/research_benchmark/results_hardware/market_share/market_share_pce/ms_seed0_prod4_gen/result.json; metadata_selection=trace_best_sample_energy_match
MSP,ms_seed0_prod5,PCE,PCE,ibm_torino,440,not_available_in_source_artifact,true,not_available,46,tdev,0.266605839219,excluded_from_gap_panel,not_applicable,pentagon,MSP,research_benchmark/research_benchmark/results_hardware/market_share/market_share_pce/ms_seed0_prod5_gen/result.json; metadata_selection=trace_best_sample_energy_match
MSP,ms_seed1_prod2,PCE,PCE,ibm_torino,168,not_available_in_source_artifact,true,not_available,23,tdev,0.603651933973,excluded_from_gap_panel,not_applicable,pentagon,MSP,research_benchmark/research_benchmark/results_hardware/market_share/market_share_pce/ms_seed1_prod2_gen/result.json; metadata_selection=trace_best_sample_energy_match
MSP,ms_seed1_prod3,PCE,PCE,ibm_torino,224,not_available_in_source_artifact,true,not_available,221,tdev,0.510170640226,excluded_from_gap_panel,not_applicable,pentagon,MSP,research_benchmark/research_benchmark/results_hardware/market_share/market_share_pce/ms_seed1_prod3_gen/result.json; metadata_selection=trace_best_sample_energy_match
MSP,ms_seed1_prod4,PCE,PCE,ibm_fez,360,not_available_in_source_artifact,true,not_available,68,tdev,0.339044725286,excluded_from_gap_panel,not_applicable,pentagon,MSP,research_benchmark/research_benchmark/results_hardware/market_share/market_share_pce/ms_seed1_prod4_gen/result.json; metadata_selection=trace_best_sample_energy_match
MSP,ms_seed1_prod5,PCE,PCE,ibm_torino,440,not_available_in_source_artifact,true,not_available,415,tdev,0.266605839219,excluded_from_gap_panel,not_applicable,pentagon,MSP,research_benchmark/research_benchmark/results_hardware/market_share/market_share_pce/ms_seed1_prod5_gen/result.json; metadata_selection=trace_best_sample_energy_match
MSP,ms_seed0_prod2,QAOA,QAOA-family,ibm_torino,13467,not_available_in_source_artifact,true,not_available,21,tdev,2.67729966139e-18,excluded_from_gap_panel,not_applicable,upward_triangle,MSP,research_benchmark/research_benchmark/results_hardware/market_share/market_share_qaoa/ms_seed0_prod2_gen/result.json; metadata_selection=trace_best_sample_energy_match
MSP,ms_seed0_prod3,QAOA,QAOA-family,ibm_fez,38039,not_available_in_source_artifact,true,not_available,59,tdev,2.31807251198e-50,excluded_from_gap_panel,not_applicable,upward_triangle,MSP,research_benchmark/research_benchmark/results_hardware/market_share/market_share_qaoa/ms_seed0_prod3_gen/result.json; metadata_selection=trace_best_sample_energy_match
MSP,ms_seed0_prod4,QAOA,QAOA-family,ibm_torino,76264,not_available_in_source_artifact,true,not_available,42,tdev,3.07293575098e-100,excluded_from_gap_panel,not_applicable,upward_triangle,MSP,research_benchmark/research_benchmark/results_hardware/market_share/market_share_qaoa/ms_seed0_prod4_gen/result.json; metadata_selection=trace_best_sample_energy_match
MSP,ms_seed0_prod5,QAOA,QAOA-family,ibm_fez,123875,not_available_in_source_artifact,true,not_available,846,tdev,2.30534462114e-162,excluded_from_gap_panel,not_applicable,upward_triangle,MSP,research_benchmark/research_benchmark/results_hardware/market_share/market_share_qaoa/ms_seed0_prod5_gen/result.json; metadata_selection=trace_best_sample_energy_match
MSP,ms_seed1_prod2,QAOA,QAOA-family,ibm_torino,14494,not_available_in_source_artifact,true,not_available,15,tdev,1.22355802314e-19,excluded_from_gap_panel,not_applicable,upward_triangle,MSP,research_benchmark/research_benchmark/results_hardware/market_share/market_share_qaoa/ms_seed1_prod2_gen/result.json; metadata_selection=trace_best_sample_energy_match
MSP,ms_seed1_prod3,QAOA,QAOA-family,ibm_torino,38936,not_available_in_source_artifact,true,not_available,170,tdev,1.56561157178e-51,excluded_from_gap_panel,not_applicable,upward_triangle,MSP,research_benchmark/research_benchmark/results_hardware/market_share/market_share_qaoa/ms_seed1_prod3_gen/result.json; metadata_selection=trace_best_sample_energy_match
MSP,ms_seed1_prod4,QAOA,QAOA-family,ibm_torino,76264,not_available_in_source_artifact,true,not_available,594,tdev,3.07293575098e-100,excluded_from_gap_panel,not_applicable,upward_triangle,MSP,research_benchmark/research_benchmark/results_hardware/market_share/market_share_qaoa/ms_seed1_prod4_gen/result.json; metadata_selection=trace_best_sample_energy_match
MSP,ms_seed1_prod5,QAOA,QAOA-family,ibm_fez,133151,not_available_in_source_artifact,true,not_available,1242,tdev,1.8156174799e-174,excluded_from_gap_panel,not_applicable,upward_triangle,MSP,research_benchmark/research_benchmark/results_hardware/market_share/market_share_qaoa/ms_seed1_prod5_gen/result.json; metadata_selection=trace_best_sample_energy_match
MSP,ms_seed0_prod2,QRAO,QRAO,ibm_fez,87,not_available_in_source_artifact,true,not_available,29,tdev,0.769978809405,excluded_from_gap_panel,not_applicable,X,MSP,research_benchmark/research_benchmark/results_hardware/market_share/market_share_qrao/ms_seed0_prod2_gen/result.json; metadata_selection=trace_last_metadata_fallback
MSP,ms_seed0_prod3,QRAO,QRAO,ibm_torino,123,not_available_in_source_artifact,true,not_available,66,tdev,0.69104204567,excluded_from_gap_panel,not_applicable,X,MSP,research_benchmark/research_benchmark/results_hardware/market_share/market_share_qrao/ms_seed0_prod3_gen/result.json; metadata_selection=trace_last_metadata_fallback
MSP,ms_seed0_prod4,QRAO,QRAO,ibm_torino,216,not_available_in_source_artifact,true,not_available,41,tdev,0.522581697568,excluded_from_gap_panel,not_applicable,X,MSP,research_benchmark/research_benchmark/results_hardware/market_share/market_share_qrao/ms_seed0_prod4_gen/result.json; metadata_selection=trace_last_metadata_fallback
MSP,ms_seed0_prod5,QRAO,QRAO,ibm_torino,249,not_available_in_source_artifact,true,not_available,333,tdev,0.473254137566,excluded_from_gap_panel,not_applicable,X,MSP,research_benchmark/research_benchmark/results_hardware/market_share/market_share_qrao/ms_seed0_prod5_gen/result.json; metadata_selection=trace_last_metadata_fallback
MSP,ms_seed1_prod2,QRAO,QRAO,ibm_fez,87,not_available_in_source_artifact,true,not_available,18,tdev,0.769978809405,excluded_from_gap_panel,not_applicable,X,MSP,research_benchmark/research_benchmark/results_hardware/market_share/market_share_qrao/ms_seed1_prod2_gen/result.json; metadata_selection=trace_last_metadata_fallback
MSP,ms_seed1_prod3,QRAO,QRAO,ibm_fez,123,not_available_in_source_artifact,true,not_available,74,tdev,0.69104204567,excluded_from_gap_panel,not_applicable,X,MSP,research_benchmark/research_benchmark/results_hardware/market_share/market_share_qrao/ms_seed1_prod3_gen/result.json; metadata_selection=trace_last_metadata_fallback
MSP,ms_seed1_prod4,QRAO,QRAO,ibm_fez,216,not_available_in_source_artifact,true,not_available,351,tdev,0.522581697568,excluded_from_gap_panel,not_applicable,X,MSP,research_benchmark/research_benchmark/results_hardware/market_share/market_share_qrao/ms_seed1_prod4_gen/result.json; metadata_selection=trace_last_metadata_fallback
MSP,ms_seed1_prod5,QRAO,QRAO,ibm_fez,252,not_available_in_source_artifact,true,not_available,785,tdev,0.469007615412,excluded_from_gap_panel,not_applicable,X,MSP,research_benchmark/research_benchmark/results_hardware/market_share/market_share_qrao/ms_seed1_prod5_gen/result.json; metadata_selection=trace_last_metadata_fallback
MSP,ms_seed0_prod2,VQE,VQE-family,ibm_torino,144,not_available_in_source_artifact,true,not_available,4,tdev,0.648787982556,excluded_from_gap_panel,not_applicable,circle,MSP,research_benchmark/research_benchmark/results_hardware/market_share/market_share_vqe/ms_seed0_prod2_gen/result.json; metadata_selection=trace_best_sample_energy_match
MSP,ms_seed0_prod3,VQE,VQE-family,ibm_fez,252,not_available_in_source_artifact,true,not_available,127,tdev,0.469007615412,excluded_from_gap_panel,not_applicable,circle,MSP,research_benchmark/research_benchmark/results_hardware/market_share/market_share_vqe/ms_seed0_prod3_gen/result.json; metadata_selection=trace_best_sample_energy_match
MSP,ms_seed0_prod4,VQE,VQE-family,ibm_fez,408,not_available_in_source_artifact,true,not_available,188,tdev,0.293511141305,excluded_from_gap_panel,not_applicable,circle,MSP,research_benchmark/research_benchmark/results_hardware/market_share/market_share_vqe/ms_seed0_prod4_gen/result.json; metadata_selection=trace_best_sample_energy_match
MSP,ms_seed0_prod5,VQE,VQE-family,ibm_fez,1348,not_available_in_source_artifact,true,not_available,644,tdev,0.017421012971,excluded_from_gap_panel,not_applicable,circle,MSP,research_benchmark/research_benchmark/results_hardware/market_share/market_share_vqe/ms_seed0_prod5_gen/result.json; metadata_selection=trace_best_sample_energy_match
MSP,ms_seed1_prod2,VQE,VQE-family,ibm_torino,272,not_available_in_source_artifact,true,not_available,215,tdev,0.441654907761,excluded_from_gap_panel,not_applicable,circle,MSP,research_benchmark/research_benchmark/results_hardware/market_share/market_share_vqe/ms_seed1_prod2_gen/result.json; metadata_selection=trace_best_sample_energy_match
MSP,ms_seed1_prod3,VQE,VQE-family,ibm_fez,252,not_available_in_source_artifact,true,not_available,12,tdev,0.469007615412,excluded_from_gap_panel,not_applicable,circle,MSP,research_benchmark/research_benchmark/results_hardware/market_share/market_share_vqe/ms_seed1_prod3_gen/result.json; metadata_selection=trace_best_sample_energy_match
MSP,ms_seed1_prod4,VQE,VQE-family,ibm_fez,408,not_available_in_source_artifact,true,not_available,273,tdev,0.293511141305,excluded_from_gap_panel,not_applicable,circle,MSP,research_benchmark/research_benchmark/results_hardware/market_share/market_share_vqe/ms_seed1_prod4_gen/result.json; metadata_selection=trace_best_sample_energy_match
MSP,ms_seed1_prod5,VQE,VQE-family,ibm_fez,1536,not_available_in_source_artifact,true,not_available,439,tdev,0.0099029176298,excluded_from_gap_panel,not_applicable,circle,MSP,research_benchmark/research_benchmark/results_hardware/market_share/market_share_vqe/ms_seed1_prod5_gen/result.json; metadata_selection=trace_best_sample_energy_match
MSP,ms_seed0_prod2,WS-QAOA,QAOA-family,ibm_marrakesh,13512,not_available_in_source_artifact,true,not_available,41,tdev,2.33872472529e-18,excluded_from_gap_panel,not_applicable,downward_triangle,MSP,research_benchmark/research_benchmark/results_hardware/market_share/market_share_ws_qaoa/ms_seed0_prod2_gen/result.json; metadata_selection=trace_best_sample_energy_match
MSP,ms_seed0_prod3,WS-QAOA,QAOA-family,ibm_torino,39165,not_available_in_source_artifact,true,not_available,296,tdev,7.86819792332e-52,excluded_from_gap_panel,not_applicable,downward_triangle,MSP,research_benchmark/research_benchmark/results_hardware/market_share/market_share_ws_qaoa/ms_seed0_prod3_gen/result.json; metadata_selection=trace_best_sample_energy_match
MSP,ms_seed0_prod4,WS-QAOA,QAOA-family,ibm_marrakesh,75459,not_available_in_source_artifact,true,not_available,901,tdev,3.45104831287e-99,excluded_from_gap_panel,not_applicable,downward_triangle,MSP,research_benchmark/research_benchmark/results_hardware/market_share/market_share_ws_qaoa/ms_seed0_prod4_gen/result.json; metadata_selection=trace_best_sample_energy_match
MSP,ms_seed0_prod5,WS-QAOA,QAOA-family,ibm_marrakesh,122758,not_available_in_source_artifact,true,not_available,318,tdev,6.61064784048e-161,excluded_from_gap_panel,not_applicable,downward_triangle,MSP,research_benchmark/research_benchmark/results_hardware/market_share/market_share_ws_qaoa/ms_seed0_prod5_gen/result.json; metadata_selection=trace_best_sample_energy_match
MSP,ms_seed1_prod2,WS-QAOA,QAOA-family,ibm_fez,14116,not_available_in_source_artifact,true,not_available,9,tdev,3.80938377172e-19,excluded_from_gap_panel,not_applicable,downward_triangle,MSP,research_benchmark/research_benchmark/results_hardware/market_share/market_share_ws_qaoa/ms_seed1_prod2_gen/result.json; metadata_selection=trace_best_sample_energy_match
MSP,ms_seed1_prod3,WS-QAOA,QAOA-family,ibm_torino,39165,not_available_in_source_artifact,true,not_available,36,tdev,7.86819792332e-52,excluded_from_gap_panel,not_applicable,downward_triangle,MSP,research_benchmark/research_benchmark/results_hardware/market_share/market_share_ws_qaoa/ms_seed1_prod3_gen/result.json; metadata_selection=trace_best_sample_energy_match
MSP,ms_seed1_prod4,WS-QAOA,QAOA-family,ibm_marrakesh,75459,not_available_in_source_artifact,true,not_available,348,tdev,3.45104831287e-99,excluded_from_gap_panel,not_applicable,downward_triangle,MSP,research_benchmark/research_benchmark/results_hardware/market_share/market_share_ws_qaoa/ms_seed1_prod4_gen/result.json; metadata_selection=trace_best_sample_energy_match
MSP,ms_seed1_prod5,WS-QAOA,QAOA-family,ibm_marrakesh,130345,not_available_in_source_artifact,true,not_available,1024,tdev,8.32549631198e-171,excluded_from_gap_panel,not_applicable,downward_triangle,MSP,research_benchmark/research_benchmark/results_hardware/market_share/market_share_ws_qaoa/ms_seed1_prod5_gen/result.json; metadata_selection=trace_best_sample_energy_match
MIS,1dc.128,CVaR-VQE,VQE-family,ibm_torino,1284,not_available_in_source_artifact,false,not_available,not_available,not_applicable,0.0211146201136,infeasible_lane,MIS,square,MIS,research_benchmark/research_benchmark/results_hardware/mis/mis_cvar_vqe/1dc_128_txt/result.json; metadata_selection=trace_best_sample_energy_match
MIS,1dc.64,CVaR-VQE,VQE-family,ibm_torino,192,not_available_in_source_artifact,false,not_available,not_available,not_applicable,0.561655991151,infeasible_lane,MIS,square,MIS,research_benchmark/research_benchmark/results_hardware/mis/mis_cvar_vqe/1dc_64_txt/result.json; metadata_selection=trace_best_sample_energy_match
MIS,1et.64,CVaR-VQE,VQE-family,ibm_marrakesh,192,not_available_in_source_artifact,false,not_available,not_available,not_applicable,0.561655991151,infeasible_lane,MIS,square,MIS,research_benchmark/research_benchmark/results_hardware/mis/mis_cvar_vqe/1et_64_txt/result.json; metadata_selection=trace_best_sample_energy_match
MIS,1tc.16,CVaR-VQE,VQE-family,ibm_torino,102,not_available_in_source_artifact,true,12.5,not_available,optimality_gap_percent,0.736048018341,feasible_gap,not_applicable,square,MIS,research_benchmark/research_benchmark/results_hardware/mis/mis_cvar_vqe/1tc_16_txt/result.json; metadata_selection=trace_best_sample_energy_match
MIS,1tc.32,CVaR-VQE,VQE-family,ibm_torino,96,not_available_in_source_artifact,true,16.67,not_available,optimality_gap_percent,0.749437116209,feasible_gap,not_applicable,square,MIS,research_benchmark/research_benchmark/results_hardware/mis/mis_cvar_vqe/1tc_32_txt/result.json; metadata_selection=trace_best_sample_energy_match
MIS,1tc.64,CVaR-VQE,VQE-family,ibm_torino,192,not_available_in_source_artifact,false,not_available,not_available,not_applicable,0.561655991151,infeasible_lane,MIS,square,MIS,research_benchmark/research_benchmark/results_hardware/mis/mis_cvar_vqe/1tc_64_txt/result.json; metadata_selection=trace_best_sample_energy_match
MIS,1tc.8,CVaR-VQE,VQE-family,ibm_torino,60,not_available_in_source_artifact,true,0,not_available,optimality_gap_percent,0.835044266956,feasible_gap,not_applicable,square,MIS,research_benchmark/research_benchmark/results_hardware/mis/mis_cvar_vqe/1tc_8_txt/result.json; metadata_selection=trace_best_sample_energy_match
MIS,1dc.128,MA-QAOA,QAOA-family,ibm_torino,48272,not_available_in_source_artifact,false,not_available,not_available,not_applicable,1.02963197314e-63,infeasible_lane,MIS,diamond,MIS,research_benchmark/research_benchmark/results_hardware/mis/mis_ma_qaoa/1dc_128_txt/result.json; metadata_selection=trace_best_sample_energy_match
MIS,1dc.64,MA-QAOA,QAOA-family,ibm_fez,14015,not_available_in_source_artifact,false,not_available,not_available,not_applicable,5.15992914289e-19,infeasible_lane,MIS,diamond,MIS,research_benchmark/research_benchmark/results_hardware/mis/mis_ma_qaoa/1dc_64_txt/result.json; metadata_selection=trace_best_sample_energy_match
MIS,1et.64,MA-QAOA,QAOA-family,ibm_torino,4548,not_available_in_source_artifact,false,not_available,not_available,not_applicable,1.16300076771e-06,infeasible_lane,MIS,diamond,MIS,research_benchmark/research_benchmark/results_hardware/mis/mis_ma_qaoa/1et_64_txt/result.json; metadata_selection=trace_best_sample_energy_match
MIS,1tc.16,MA-QAOA,QAOA-family,ibm_torino,232,not_available_in_source_artifact,true,12.5,not_available,optimality_gap_percent,0.49805433937,feasible_gap,not_applicable,diamond,MIS,research_benchmark/research_benchmark/results_hardware/mis/mis_ma_qaoa/1tc_16_txt/result.json; metadata_selection=trace_best_sample_energy_match
MIS,1tc.32,MA-QAOA,QAOA-family,ibm_torino,915,not_available_in_source_artifact,false,not_available,not_available,not_applicable,0.0639837743483,infeasible_lane,MIS,diamond,MIS,research_benchmark/research_benchmark/results_hardware/mis/mis_ma_qaoa/1tc_32_txt/result.json; metadata_selection=trace_best_sample_energy_match
MIS,1tc.64,MA-QAOA,QAOA-family,ibm_torino,3274,not_available_in_source_artifact,false,not_available,not_available,not_applicable,5.34500741905e-05,infeasible_lane,MIS,diamond,MIS,research_benchmark/research_benchmark/results_hardware/mis/mis_ma_qaoa/1tc_64_txt/result.json; metadata_selection=trace_best_sample_energy_match
MIS,1tc.8,MA-QAOA,QAOA-family,ibm_torino,60,not_available_in_source_artifact,true,0,not_available,optimality_gap_percent,0.835044266956,feasible_gap,not_applicable,diamond,MIS,research_benchmark/research_benchmark/results_hardware/mis/mis_ma_qaoa/1tc_8_txt/result.json; metadata_selection=trace_best_sample_energy_match
MIS,1dc.128,PCE,PCE,ibm_torino,18,not_available_in_source_artifact,false,not_available,not_available,not_applicable,0.947355213791,infeasible_lane,MIS,pentagon,MIS,research_benchmark/research_benchmark/results_hardware/mis/mis_pce/1dc_128_txt/result.json; metadata_selection=trace_best_sample_energy_match
MIS,1dc.64,PCE,PCE,ibm_fez,14,not_available_in_source_artifact,false,not_available,not_available,not_applicable,0.958809252597,infeasible_lane,MIS,pentagon,MIS,research_benchmark/research_benchmark/results_hardware/mis/mis_pce/1dc_64_txt/result.json; metadata_selection=trace_best_sample_energy_match
MIS,1et.64,PCE,PCE,ibm_fez,14,not_available_in_source_artifact,false,not_available,not_available,not_applicable,0.958809252597,infeasible_lane,MIS,pentagon,MIS,research_benchmark/research_benchmark/results_hardware/mis/mis_pce/1et_64_txt/result.json; metadata_selection=trace_best_sample_energy_match
MIS,1tc.16,PCE,PCE,ibm_torino,6,not_available_in_source_artifact,true,62.5,not_available,optimality_gap_percent,0.982134461214,feasible_gap,not_applicable,pentagon,MIS,research_benchmark/research_benchmark/results_hardware/mis/mis_pce/1tc_16_txt/result.json; metadata_selection=trace_best_sample_energy_match
MIS,1tc.32,PCE,PCE,ibm_fez,10,not_available_in_source_artifact,false,not_available,not_available,not_applicable,0.970401776949,infeasible_lane,MIS,pentagon,MIS,research_benchmark/research_benchmark/results_hardware/mis/mis_pce/1tc_32_txt/result.json; metadata_selection=trace_best_sample_energy_match
MIS,1tc.64,PCE,PCE,ibm_torino,14,not_available_in_source_artifact,false,not_available,not_available,not_applicable,0.958809252597,infeasible_lane,MIS,pentagon,MIS,research_benchmark/research_benchmark/results_hardware/mis/mis_pce/1tc_64_txt/result.json; metadata_selection=trace_best_sample_energy_match
MIS,1tc.8,PCE,PCE,ibm_fez,4,not_available_in_source_artifact,true,25,not_available,optimality_gap_percent,0.988053892081,feasible_gap,not_applicable,pentagon,MIS,research_benchmark/research_benchmark/results_hardware/mis/mis_pce/1tc_8_txt/result.json; metadata_selection=trace_best_sample_energy_match
MIS,1dc.128,QAOA,QAOA-family,ibm_fez,48702,not_available_in_source_artifact,false,not_available,not_available,not_applicable,2.82878600191e-64,infeasible_lane,MIS,upward_triangle,MIS,research_benchmark/research_benchmark/results_hardware/mis/mis_qaoa/1dc_128_txt/result.json; metadata_selection=trace_best_sample_energy_match
MIS,1dc.64,QAOA,QAOA-family,ibm_fez,14383,not_available_in_source_artifact,false,not_available,not_available,not_applicable,1.70789826185e-19,infeasible_lane,MIS,upward_triangle,MIS,research_benchmark/research_benchmark/results_hardware/mis/mis_qaoa/1dc_64_txt/result.json; metadata_selection=trace_best_sample_energy_match
MIS,1et.64,QAOA,QAOA-family,ibm_torino,4600,not_available_in_source_artifact,false,not_available,not_available,not_applicable,9.94782722109e-07,infeasible_lane,MIS,upward_triangle,MIS,research_benchmark/research_benchmark/results_hardware/mis/mis_qaoa/1et_64_txt/result.json; metadata_selection=trace_best_sample_energy_match
MIS,1tc.16,QAOA,QAOA-family,ibm_torino,241,not_available_in_source_artifact,true,25,not_available,optimality_gap_percent,0.484767117294,feasible_gap,not_applicable,upward_triangle,MIS,research_benchmark/research_benchmark/results_hardware/mis/mis_qaoa/1tc_16_txt/result.json; metadata_selection=trace_best_sample_energy_match
MIS,1tc.32,QAOA,QAOA-family,ibm_torino,935,not_available_in_source_artifact,true,25,not_available,optimality_gap_percent,0.0602522155918,feasible_gap,not_applicable,upward_triangle,MIS,research_benchmark/research_benchmark/results_hardware/mis/mis_qaoa/1tc_32_txt/result.json; metadata_selection=trace_best_sample_energy_match
MIS,1tc.64,QAOA,QAOA-family,ibm_torino,4600,not_available_in_source_artifact,false,not_available,not_available,not_applicable,9.94782722109e-07,infeasible_lane,MIS,upward_triangle,MIS,research_benchmark/research_benchmark/results_hardware/mis/mis_qaoa/1tc_64_txt/result.json; metadata_selection=trace_best_sample_energy_match
MIS,1tc.8,QAOA,QAOA-family,ibm_torino,60,not_available_in_source_artifact,true,0,not_available,optimality_gap_percent,0.835044266956,feasible_gap,not_applicable,upward_triangle,MIS,research_benchmark/research_benchmark/results_hardware/mis/mis_qaoa/1tc_8_txt/result.json; metadata_selection=trace_best_sample_energy_match
MIS,1dc.64,QRAO,QRAO,ibm_torino,72,not_available_in_source_artifact,false,not_available,not_available,not_applicable,0.805473762798,infeasible_lane,MIS,X,MIS,research_benchmark/research_benchmark/results_hardware/mis/mis_qrao/1dc_64_txt/result.json; metadata_selection=trace_last_metadata_fallback
MIS,1et.64,QRAO,QRAO,ibm_marrakesh,66,not_available_in_source_artifact,false,not_available,not_available,not_applicable,0.820125751216,infeasible_lane,MIS,X,MIS,research_benchmark/research_benchmark/results_hardware/mis/mis_qrao/1et_64_txt/result.json; metadata_selection=trace_last_metadata_fallback
MIS,1tc.16,QRAO,QRAO,ibm_fez,15,not_available_in_source_artifact,true,12.5,not_available,optimality_gap_percent,0.955932824839,feasible_gap,not_applicable,X,MIS,research_benchmark/research_benchmark/results_hardware/mis/mis_qrao/1tc_16_txt/result.json; metadata_selection=trace_last_metadata_fallback
MIS,1tc.32,QRAO,QRAO,ibm_fez,36,not_available_in_source_artifact,true,25,not_available,optimality_gap_percent,0.897481901098,feasible_gap,not_applicable,X,MIS,research_benchmark/research_benchmark/results_hardware/mis/mis_qrao/1tc_32_txt/result.json; metadata_selection=trace_last_metadata_fallback
MIS,1tc.64,QRAO,QRAO,ibm_torino,66,not_available_in_source_artifact,false,not_available,not_available,not_applicable,0.820125751216,infeasible_lane,MIS,X,MIS,research_benchmark/research_benchmark/results_hardware/mis/mis_qrao/1tc_64_txt/result.json; metadata_selection=trace_last_metadata_fallback
MIS,1dc.128,VQE,VQE-family,ibm_torino,1403,not_available_in_source_artifact,false,not_available,not_available,not_applicable,0.014767504479,infeasible_lane,MIS,circle,MIS,research_benchmark/research_benchmark/results_hardware/mis/mis_vqe/1dc_128_txt/result.json; metadata_selection=trace_best_sample_energy_match
MIS,1dc.64,VQE,VQE-family,ibm_torino,192,not_available_in_source_artifact,false,not_available,not_available,not_applicable,0.561655991151,infeasible_lane,MIS,circle,MIS,research_benchmark/research_benchmark/results_hardware/mis/mis_vqe/1dc_64_txt/result.json; metadata_selection=trace_best_sample_energy_match
MIS,1et.64,VQE,VQE-family,ibm_torino,192,not_available_in_source_artifact,false,not_available,not_available,not_applicable,0.561655991151,infeasible_lane,MIS,circle,MIS,research_benchmark/research_benchmark/results_hardware/mis/mis_vqe/1et_64_txt/result.json; metadata_selection=trace_best_sample_energy_match
MIS,1tc.16,VQE,VQE-family,ibm_fez,102,not_available_in_source_artifact,true,0,not_available,optimality_gap_percent,0.736048018341,feasible_gap,not_applicable,circle,MIS,research_benchmark/research_benchmark/results_hardware/mis/mis_vqe/1tc_16_txt/result.json; metadata_selection=trace_best_sample_energy_match
MIS,1tc.32,VQE,VQE-family,ibm_fez,96,not_available_in_source_artifact,false,not_available,not_available,not_applicable,0.749437116209,infeasible_lane,MIS,circle,MIS,research_benchmark/research_benchmark/results_hardware/mis/mis_vqe/1tc_32_txt/result.json; metadata_selection=trace_best_sample_energy_match
MIS,1tc.64,VQE,VQE-family,ibm_fez,192,not_available_in_source_artifact,false,not_available,not_available,not_applicable,0.561655991151,infeasible_lane,MIS,circle,MIS,research_benchmark/research_benchmark/results_hardware/mis/mis_vqe/1tc_64_txt/result.json; metadata_selection=trace_best_sample_energy_match
MIS,1tc.8,VQE,VQE-family,ibm_torino,60,not_available_in_source_artifact,true,0,not_available,optimality_gap_percent,0.835044266956,feasible_gap,not_applicable,circle,MIS,research_benchmark/research_benchmark/results_hardware/mis/mis_vqe/1tc_8_txt/result.json; metadata_selection=trace_best_sample_energy_match
MIS,1dc.128,WS-QAOA,QAOA-family,ibm_torino,48544,not_available_in_source_artifact,false,not_available,not_available,not_applicable,4.54742014127e-64,infeasible_lane,MIS,downward_triangle,MIS,research_benchmark/research_benchmark/results_hardware/mis/mis_ws_qaoa/1dc_128_txt/result.json; metadata_selection=trace_best_sample_energy_match
MIS,1dc.64,WS-QAOA,QAOA-family,ibm_torino,14029,not_available_in_source_artifact,false,not_available,not_available,not_applicable,4.94738780494e-19,infeasible_lane,MIS,downward_triangle,MIS,research_benchmark/research_benchmark/results_hardware/mis/mis_ws_qaoa/1dc_64_txt/result.json; metadata_selection=trace_best_sample_energy_match
MIS,1et.64,WS-QAOA,QAOA-family,ibm_torino,14029,not_available_in_source_artifact,false,not_available,not_available,not_applicable,4.94738780494e-19,infeasible_lane,MIS,downward_triangle,MIS,research_benchmark/research_benchmark/results_hardware/mis/mis_ws_qaoa/1et_64_txt/result.json; metadata_selection=trace_best_sample_energy_match
MIS,1tc.16,WS-QAOA,QAOA-family,ibm_torino,237,not_available_in_source_artifact,true,0,not_available,optimality_gap_percent,0.490628214897,feasible_gap,not_applicable,downward_triangle,MIS,research_benchmark/research_benchmark/results_hardware/mis/mis_ws_qaoa/1tc_16_txt/result.json; metadata_selection=trace_best_sample_energy_match
MIS,1tc.32,WS-QAOA,QAOA-family,ibm_torino,911,not_available_in_source_artifact,true,16.67,not_available,optimality_gap_percent,0.0647573729137,feasible_gap,not_applicable,downward_triangle,MIS,research_benchmark/research_benchmark/results_hardware/mis/mis_ws_qaoa/1tc_32_txt/result.json; metadata_selection=trace_best_sample_energy_match
MIS,1tc.64,WS-QAOA,QAOA-family,ibm_torino,14029,not_available_in_source_artifact,true,35,not_available,optimality_gap_percent,4.94738780494e-19,feasible_gap,not_applicable,downward_triangle,MIS,research_benchmark/research_benchmark/results_hardware/mis/mis_ws_qaoa/1tc_64_txt/result.json; metadata_selection=trace_best_sample_energy_match
MIS,1tc.8,WS-QAOA,QAOA-family,ibm_torino,60,not_available_in_source_artifact,true,0,not_available,optimality_gap_percent,0.835044266956,feasible_gap,not_applicable,downward_triangle,MIS,research_benchmark/research_benchmark/results_hardware/mis/mis_ws_qaoa/1tc_8_txt/result.json; metadata_selection=trace_best_sample_energy_match
MDKP,hp1,CVaR-VQE,VQE-family,ibm_torino,180,not_available_in_source_artifact,true,33.85,not_available,optimality_gap_percent,0.582275471994,feasible_gap,not_applicable,square,MDKP,research_benchmark/research_benchmark/results_hardware/mkp/mkp_cvar_vqe/hp1_dat/result.json; metadata_selection=trace_best_sample_energy_match
MDKP,hp2,CVaR-VQE,VQE-family,ibm_torino,279,not_available_in_source_artifact,true,15.88,not_available,optimality_gap_percent,0.432463211362,feasible_gap,not_applicable,square,MDKP,research_benchmark/research_benchmark/results_hardware/mkp/mkp_cvar_vqe/hp2_dat/result.json; metadata_selection=trace_best_sample_energy_match
MDKP,pb1,CVaR-VQE,VQE-family,ibm_torino,314,not_available_in_source_artifact,true,14.89,not_available,optimality_gap_percent,0.389295792465,feasible_gap,not_applicable,square,MDKP,research_benchmark/research_benchmark/results_hardware/mkp/mkp_cvar_vqe/pb1_dat/result.json; metadata_selection=trace_best_sample_energy_match
MDKP,pb2,CVaR-VQE,VQE-family,ibm_marrakesh,344,not_available_in_source_artifact,true,11.93,not_available,optimality_gap_percent,0.355741440413,feasible_gap,not_applicable,square,MDKP,research_benchmark/research_benchmark/results_hardware/mkp/mkp_cvar_vqe/pb2_dat/result.json; metadata_selection=trace_best_sample_energy_match
MDKP,pb4,CVaR-VQE,VQE-family,ibm_torino,309,not_available_in_source_artifact,true,34.97,not_available,optimality_gap_percent,0.395188154388,feasible_gap,not_applicable,square,MDKP,research_benchmark/research_benchmark/results_hardware/mkp/mkp_cvar_vqe/pb4_dat/result.json; metadata_selection=trace_best_sample_energy_match
MDKP,pb5,CVaR-VQE,VQE-family,ibm_marrakesh,348,not_available_in_source_artifact,true,18.14,not_available,optimality_gap_percent,0.351491714774,feasible_gap,not_applicable,square,MDKP,research_benchmark/research_benchmark/results_hardware/mkp/mkp_cvar_vqe/pb5_dat/result.json; metadata_selection=trace_best_sample_energy_match
MDKP,pet2,CVaR-VQE,VQE-family,ibm_torino,347,not_available_in_source_artifact,true,1.5,not_available,optimality_gap_percent,0.352549362863,feasible_gap,not_applicable,square,MDKP,research_benchmark/research_benchmark/results_hardware/mkp/mkp_cvar_vqe/pet2_dat/result.json; metadata_selection=trace_best_sample_energy_match
MDKP,pet3,CVaR-VQE,VQE-family,ibm_torino,324,not_available_in_source_artifact,true,36.61,not_available,optimality_gap_percent,0.377773328767,feasible_gap,not_applicable,square,MDKP,research_benchmark/research_benchmark/results_hardware/mkp/mkp_cvar_vqe/pet3_dat/result.json; metadata_selection=trace_best_sample_energy_match
MDKP,pet4,CVaR-VQE,VQE-family,ibm_torino,459,not_available_in_source_artifact,true,41.91,not_available,optimality_gap_percent,0.251812720516,feasible_gap,not_applicable,square,MDKP,research_benchmark/research_benchmark/results_hardware/mkp/mkp_cvar_vqe/pet4_dat/result.json; metadata_selection=trace_best_sample_energy_match
MDKP,pet5,CVaR-VQE,VQE-family,ibm_torino,1227,not_available_in_source_artifact,true,13.83,not_available,optimality_gap_percent,0.0250587410575,feasible_gap,not_applicable,square,MDKP,research_benchmark/research_benchmark/results_hardware/mkp/mkp_cvar_vqe/pet5_dat/result.json; metadata_selection=trace_best_sample_energy_match
MDKP,pet6,CVaR-VQE,VQE-family,ibm_torino,332,not_available_in_source_artifact,true,13.88,not_available,optimality_gap_percent,0.368801398699,feasible_gap,not_applicable,square,MDKP,research_benchmark/research_benchmark/results_hardware/mkp/mkp_cvar_vqe/pet6_dat/result.json; metadata_selection=trace_best_sample_energy_match
MDKP,pet7,CVaR-VQE,VQE-family,ibm_torino,300,not_available_in_source_artifact,true,24.52,not_available,optimality_gap_percent,0.406020062292,feasible_gap,not_applicable,square,MDKP,research_benchmark/research_benchmark/results_hardware/mkp/mkp_cvar_vqe/pet7_dat/result.json; metadata_selection=trace_best_sample_energy_match
MDKP,hp1,MA-QAOA,QAOA-family,ibm_torino,22019,not_available_in_source_artifact,true,21.06,not_available,optimality_gap_percent,1.85648251971e-29,feasible_gap,not_applicable,diamond,MDKP,research_benchmark/research_benchmark/results_hardware/mkp/mkp_ma_qaoa/hp1_dat/result.json; metadata_selection=trace_best_sample_energy_match
MDKP,hp2,MA-QAOA,QAOA-family,ibm_torino,29687,not_available_in_source_artifact,true,15.66,not_available,optimality_gap_percent,1.83300984746e-39,feasible_gap,not_applicable,diamond,MDKP,research_benchmark/research_benchmark/results_hardware/mkp/mkp_ma_qaoa/hp2_dat/result.json; metadata_selection=trace_best_sample_energy_match
MDKP,pb1,MA-QAOA,QAOA-family,ibm_torino,21758,not_available_in_source_artifact,true,27.86,not_available,optimality_gap_percent,4.06681620114e-29,feasible_gap,not_applicable,diamond,MDKP,research_benchmark/research_benchmark/results_hardware/mkp/mkp_ma_qaoa/pb1_dat/result.json; metadata_selection=trace_best_sample_energy_match
MDKP,pb2,MA-QAOA,QAOA-family,ibm_fez,28136,not_available_in_source_artifact,true,44.51,not_available,optimality_gap_percent,1.93630718393e-37,feasible_gap,not_applicable,diamond,MDKP,research_benchmark/research_benchmark/results_hardware/mkp/mkp_ma_qaoa/pb2_dat/result.json; metadata_selection=trace_best_sample_energy_match
MDKP,pb4,MA-QAOA,QAOA-family,ibm_torino,11769,not_available_in_source_artifact,true,27.63,not_available,optimality_gap_percent,4.39863747418e-16,feasible_gap,not_applicable,diamond,MDKP,research_benchmark/research_benchmark/results_hardware/mkp/mkp_ma_qaoa/pb4_dat/result.json; metadata_selection=trace_best_sample_energy_match
MDKP,pb5,MA-QAOA,QAOA-family,ibm_fez,46919,not_available_in_source_artifact,true,28,not_available,optimality_gap_percent,5.99974544344e-62,feasible_gap,not_applicable,diamond,MDKP,research_benchmark/research_benchmark/results_hardware/mkp/mkp_ma_qaoa/pb5_dat/result.json; metadata_selection=trace_best_sample_energy_match
MDKP,pet2,MA-QAOA,QAOA-family,ibm_torino,23581,not_available_in_source_artifact,true,30.97,not_available,optimality_gap_percent,1.70031014924e-31,feasible_gap,not_applicable,diamond,MDKP,research_benchmark/research_benchmark/results_hardware/mkp/mkp_ma_qaoa/pet2_dat/result.json; metadata_selection=trace_best_sample_energy_match
MDKP,pet3,MA-QAOA,QAOA-family,ibm_torino,32058,not_available_in_source_artifact,true,27.52,not_available,optimality_gap_percent,1.4770158475e-42,feasible_gap,not_applicable,diamond,MDKP,research_benchmark/research_benchmark/results_hardware/mkp/mkp_ma_qaoa/pet3_dat/result.json; metadata_selection=trace_best_sample_energy_match
MDKP,pet4,MA-QAOA,QAOA-family,ibm_torino,41971,not_available_in_source_artifact,true,14.38,not_available,optimality_gap_percent,1.71589021838e-55,feasible_gap,not_applicable,diamond,MDKP,research_benchmark/research_benchmark/results_hardware/mkp/mkp_ma_qaoa/pet4_dat/result.json; metadata_selection=trace_best_sample_energy_match
MDKP,pet5,MA-QAOA,QAOA-family,ibm_torino,64103,not_available_in_source_artifact,true,26.21,not_available,optimality_gap_percent,2.26847110668e-84,feasible_gap,not_applicable,diamond,MDKP,research_benchmark/research_benchmark/results_hardware/mkp/mkp_ma_qaoa/pet5_dat/result.json; metadata_selection=trace_best_sample_energy_match
MDKP,pet6,MA-QAOA,QAOA-family,ibm_fez,45006,not_available_in_source_artifact,true,39.87,not_available,optimality_gap_percent,1.88059368914e-59,feasible_gap,not_applicable,diamond,MDKP,research_benchmark/research_benchmark/results_hardware/mkp/mkp_ma_qaoa/pet6_dat/result.json; metadata_selection=trace_best_sample_energy_match
MDKP,pet7,MA-QAOA,QAOA-family,ibm_torino,65806,not_available_in_source_artifact,true,28.91,not_available,optimality_gap_percent,1.36015329147e-86,feasible_gap,not_applicable,diamond,MDKP,research_benchmark/research_benchmark/results_hardware/mkp/mkp_ma_qaoa/pet7_dat/result.json; metadata_selection=trace_best_sample_energy_match
MDKP,hp1,PCE,PCE,ibm_torino,168,not_available_in_source_artifact,true,13.25,not_available,optimality_gap_percent,0.603651933973,feasible_gap,not_applicable,pentagon,MDKP,research_benchmark/research_benchmark/results_hardware/mkp/mkp_pce/hp1_dat/result.json; metadata_selection=trace_best_sample_energy_match
MDKP,hp2,PCE,PCE,ibm_torino,224,not_available_in_source_artifact,true,14.56,not_available,optimality_gap_percent,0.510170640226,feasible_gap,not_applicable,pentagon,MDKP,research_benchmark/research_benchmark/results_hardware/mkp/mkp_pce/hp2_dat/result.json; metadata_selection=trace_best_sample_energy_match
MDKP,pb1,PCE,PCE,ibm_torino,168,not_available_in_source_artifact,true,22.78,not_available,optimality_gap_percent,0.603651933973,feasible_gap,not_applicable,pentagon,MDKP,research_benchmark/research_benchmark/results_hardware/mkp/mkp_pce/pb1_dat/result.json; metadata_selection=trace_best_sample_energy_match
MDKP,pb2,PCE,PCE,ibm_torino,224,not_available_in_source_artifact,true,21.37,not_available,optimality_gap_percent,0.510170640226,feasible_gap,not_applicable,pentagon,MDKP,research_benchmark/research_benchmark/results_hardware/mkp/mkp_pce/pb2_dat/result.json; metadata_selection=trace_best_sample_energy_match
MDKP,pb4,PCE,PCE,ibm_torino,120,not_available_in_source_artifact,true,21.3,not_available,optimality_gap_percent,0.697298927776,feasible_gap,not_applicable,pentagon,MDKP,research_benchmark/research_benchmark/results_hardware/mkp/mkp_pce/pb4_dat/result.json; metadata_selection=trace_best_sample_energy_match
MDKP,pb5,PCE,PCE,ibm_torino,360,not_available_in_source_artifact,true,17.72,not_available,optimality_gap_percent,0.339044725286,feasible_gap,not_applicable,pentagon,MDKP,research_benchmark/research_benchmark/results_hardware/mkp/mkp_pce/pb5_dat/result.json; metadata_selection=trace_best_sample_energy_match
MDKP,pet2,PCE,PCE,ibm_torino,288,not_available_in_source_artifact,true,1.69,not_available,optimality_gap_percent,0.420925846309,feasible_gap,not_applicable,pentagon,MDKP,research_benchmark/research_benchmark/results_hardware/mkp/mkp_pce/pet2_dat/result.json; metadata_selection=trace_best_sample_energy_match
MDKP,pet3,PCE,PCE,ibm_fez,288,not_available_in_source_artifact,true,7.97,not_available,optimality_gap_percent,0.420925846309,feasible_gap,not_applicable,pentagon,MDKP,research_benchmark/research_benchmark/results_hardware/mkp/mkp_pce/pet3_dat/result.json; metadata_selection=trace_best_sample_energy_match
MDKP,pet4,PCE,PCE,ibm_torino,288,not_available_in_source_artifact,true,20.42,not_available,optimality_gap_percent,0.420925846309,feasible_gap,not_applicable,pentagon,MDKP,research_benchmark/research_benchmark/results_hardware/mkp/mkp_pce/pet4_dat/result.json; metadata_selection=trace_best_sample_energy_match
MDKP,pet5,PCE,PCE,ibm_torino,360,not_available_in_source_artifact,true,37.5,not_available,optimality_gap_percent,0.339044725286,feasible_gap,not_applicable,pentagon,MDKP,research_benchmark/research_benchmark/results_hardware/mkp/mkp_pce/pet5_dat/result.json; metadata_selection=trace_best_sample_energy_match
MDKP,pet6,PCE,PCE,ibm_fez,288,not_available_in_source_artifact,true,19.92,not_available,optimality_gap_percent,0.420925846309,feasible_gap,not_applicable,pentagon,MDKP,research_benchmark/research_benchmark/results_hardware/mkp/mkp_pce/pet6_dat/result.json; metadata_selection=trace_best_sample_energy_match
MDKP,pet7,PCE,PCE,ibm_torino,288,not_available_in_source_artifact,true,25.27,not_available,optimality_gap_percent,0.420925846309,feasible_gap,not_applicable,pentagon,MDKP,research_benchmark/research_benchmark/results_hardware/mkp/mkp_pce/pet7_dat/result.json; metadata_selection=trace_best_sample_energy_match
MDKP,hp1,QAOA,QAOA-family,ibm_torino,22621,not_available_in_source_artifact,true,36.22,not_available,optimality_gap_percent,3.04211878575e-30,feasible_gap,not_applicable,upward_triangle,MDKP,research_benchmark/research_benchmark/results_hardware/mkp/mkp_qaoa/hp1_dat/result.json; metadata_selection=trace_best_sample_energy_match
MDKP,hp2,QAOA,QAOA-family,ibm_torino,30329,not_available_in_source_artifact,true,19.68,not_available,optimality_gap_percent,2.66352289487e-40,feasible_gap,not_applicable,upward_triangle,MDKP,research_benchmark/research_benchmark/results_hardware/mkp/mkp_qaoa/hp2_dat/result.json; metadata_selection=trace_best_sample_energy_match
MDKP,pb1,QAOA,QAOA-family,ibm_fez,21821,not_available_in_source_artifact,true,36.67,not_available,optimality_gap_percent,3.36549940909e-29,feasible_gap,not_applicable,upward_triangle,MDKP,research_benchmark/research_benchmark/results_hardware/mkp/mkp_qaoa/pb1_dat/result.json; metadata_selection=trace_best_sample_energy_match
MDKP,pb2,QAOA,QAOA-family,ibm_fez,29320,not_available_in_source_artifact,true,42.18,not_available,optimality_gap_percent,5.5213044822e-39,feasible_gap,not_applicable,upward_triangle,MDKP,research_benchmark/research_benchmark/results_hardware/mkp/mkp_qaoa/pb2_dat/result.json; metadata_selection=trace_best_sample_energy_match
MDKP,pb4,QAOA,QAOA-family,ibm_fez,11522,not_available_in_source_artifact,true,37.53,not_available,optimality_gap_percent,9.23876811634e-16,feasible_gap,not_applicable,upward_triangle,MDKP,research_benchmark/research_benchmark/results_hardware/mkp/mkp_qaoa/pb4_dat/result.json; metadata_selection=trace_best_sample_energy_match
MDKP,pb5,QAOA,QAOA-family,ibm_torino,47838,not_available_in_source_artifact,true,23.47,not_available,optimality_gap_percent,3.79300410732e-63,feasible_gap,not_applicable,upward_triangle,MDKP,research_benchmark/research_benchmark/results_hardware/mkp/mkp_qaoa/pb5_dat/result.json; metadata_selection=trace_best_sample_energy_match
MDKP,pet2,QAOA,QAOA-family,ibm_torino,23440,not_available_in_source_artifact,true,14.7,not_available,optimality_gap_percent,2.59723247913e-31,feasible_gap,not_applicable,upward_triangle,MDKP,research_benchmark/research_benchmark/results_hardware/mkp/mkp_qaoa/pet2_dat/result.json; metadata_selection=trace_best_sample_energy_match
MDKP,pet3,QAOA,QAOA-family,ibm_torino,31868,not_available_in_source_artifact,true,20.05,not_available,optimality_gap_percent,2.61399694598e-42,feasible_gap,not_applicable,upward_triangle,MDKP,research_benchmark/research_benchmark/results_hardware/mkp/mkp_qaoa/pet3_dat/result.json; metadata_selection=trace_best_sample_energy_match
MDKP,pet4,QAOA,QAOA-family,ibm_torino,41078,not_available_in_source_artifact,true,33.33,not_available,optimality_gap_percent,2.51022774942e-54,feasible_gap,not_applicable,upward_triangle,MDKP,research_benchmark/research_benchmark/results_hardware/mkp/mkp_qaoa/pet4_dat/result.json; metadata_selection=trace_best_sample_energy_match
MDKP,pet5,QAOA,QAOA-family,ibm_fez,63249,not_available_in_source_artifact,true,37.3,not_available,optimality_gap_percent,2.95167171716e-83,feasible_gap,not_applicable,upward_triangle,MDKP,research_benchmark/research_benchmark/results_hardware/mkp/mkp_qaoa/pet5_dat/result.json; metadata_selection=trace_best_sample_energy_match
MDKP,pet6,QAOA,QAOA-family,ibm_torino,45464,not_available_in_source_artifact,true,23.09,not_available,optimality_gap_percent,4.74982360127e-60,feasible_gap,not_applicable,upward_triangle,MDKP,research_benchmark/research_benchmark/results_hardware/mkp/mkp_qaoa/pet6_dat/result.json; metadata_selection=trace_best_sample_energy_match
MDKP,pet7,QAOA,QAOA-family,ibm_fez,65365,not_available_in_source_artifact,true,49.76,not_available,optimality_gap_percent,5.11708983402e-86,feasible_gap,not_applicable,upward_triangle,MDKP,research_benchmark/research_benchmark/results_hardware/mkp/mkp_qaoa/pet7_dat/result.json; metadata_selection=trace_best_sample_energy_match
MDKP,hp1,QRAO,QRAO,ibm_fez,111,not_available_in_source_artifact,true,5.85,not_available,optimality_gap_percent,0.716411539536,feasible_gap,not_applicable,X,MDKP,research_benchmark/research_benchmark/results_hardware/mkp/mkp_qrao/hp1_dat/result.json; metadata_selection=result_job_metadata_last_fallback
MDKP,hp2,QRAO,QRAO,ibm_fez,132,not_available_in_source_artifact,true,16.67,not_available,optimality_gap_percent,0.672606247808,feasible_gap,not_applicable,X,MDKP,research_benchmark/research_benchmark/results_hardware/mkp/mkp_qrao/hp2_dat/result.json; metadata_selection=result_job_metadata_last_fallback
MDKP,pb1,QRAO,QRAO,ibm_fez,108,not_available_in_source_artifact,true,15.4,not_available,optimality_gap_percent,0.722898123921,feasible_gap,not_applicable,X,MDKP,research_benchmark/research_benchmark/results_hardware/mkp/mkp_qrao/pb1_dat/result.json; metadata_selection=result_job_metadata_last_fallback
MDKP,pb2,QRAO,QRAO,ibm_marrakesh,129,not_available_in_source_artifact,true,13.65,not_available,optimality_gap_percent,0.6786962072,feasible_gap,not_applicable,X,MDKP,research_benchmark/research_benchmark/results_hardware/mkp/mkp_qrao/pb2_dat/result.json; metadata_selection=result_job_metadata_last_fallback
MDKP,pb4,QRAO,QRAO,ibm_marrakesh,93,not_available_in_source_artifact,true,21.71,not_available,optimality_gap_percent,0.756222723121,feasible_gap,not_applicable,X,MDKP,research_benchmark/research_benchmark/results_hardware/mkp/mkp_qrao/pb4_dat/result.json; metadata_selection=result_job_metadata_last_fallback
MDKP,pb5,QRAO,QRAO,ibm_marrakesh,168,not_available_in_source_artifact,true,18,not_available,optimality_gap_percent,0.603651933973,feasible_gap,not_applicable,X,MDKP,research_benchmark/research_benchmark/results_hardware/mkp/mkp_qrao/pb5_dat/result.json; metadata_selection=result_job_metadata_last_fallback
MDKP,pet2,QRAO,QRAO,ibm_torino,129,not_available_in_source_artifact,true,0.64,not_available,optimality_gap_percent,0.6786962072,feasible_gap,not_applicable,X,MDKP,research_benchmark/research_benchmark/results_hardware/mkp/mkp_qrao/pet2_dat/result.json; metadata_selection=result_job_metadata_last_fallback
MDKP,pet3,QRAO,QRAO,ibm_marrakesh,129,not_available_in_source_artifact,true,34.12,not_available,optimality_gap_percent,0.6786962072,feasible_gap,not_applicable,X,MDKP,research_benchmark/research_benchmark/results_hardware/mkp/mkp_qrao/pet3_dat/result.json; metadata_selection=result_job_metadata_last_fallback
MDKP,pet4,QRAO,QRAO,ibm_torino,138,not_available_in_source_artifact,true,18.63,not_available,optimality_gap_percent,0.6605897748,feasible_gap,not_applicable,X,MDKP,research_benchmark/research_benchmark/results_hardware/mkp/mkp_qrao/pet4_dat/result.json; metadata_selection=result_job_metadata_last_fallback
MDKP,pet5,QRAO,QRAO,ibm_fez,171,not_available_in_source_artifact,true,25.52,not_available,optimality_gap_percent,0.598235348871,feasible_gap,not_applicable,X,MDKP,research_benchmark/research_benchmark/results_hardware/mkp/mkp_qrao/pet5_dat/result.json; metadata_selection=result_job_metadata_last_fallback
MDKP,pet6,QRAO,QRAO,ibm_fez,153,not_available_in_source_artifact,true,15.23,not_available,optimality_gap_percent,0.631479449484,feasible_gap,not_applicable,X,MDKP,research_benchmark/research_benchmark/results_hardware/mkp/mkp_qrao/pet6_dat/result.json; metadata_selection=result_job_metadata_last_fallback
MDKP,pet7,QRAO,QRAO,ibm_marrakesh,183,not_available_in_source_artifact,true,16.79,not_available,optimality_gap_percent,0.577050698462,feasible_gap,not_applicable,X,MDKP,research_benchmark/research_benchmark/results_hardware/mkp/mkp_qrao/pet7_dat/result.json; metadata_selection=result_job_metadata_last_fallback
MDKP,hp1,VQE,VQE-family,ibm_torino,180,not_available_in_source_artifact,true,26.95,not_available,optimality_gap_percent,0.582275471994,feasible_gap,not_applicable,circle,MDKP,research_benchmark/research_benchmark/results_hardware/mkp/mkp_vqe/hp1_dat/result.json; metadata_selection=trace_best_sample_energy_match
MDKP,hp2,VQE,VQE-family,ibm_torino,279,not_available_in_source_artifact,true,17.92,not_available,optimality_gap_percent,0.432463211362,feasible_gap,not_applicable,circle,MDKP,research_benchmark/research_benchmark/results_hardware/mkp/mkp_vqe/hp2_dat/result.json; metadata_selection=trace_best_sample_energy_match
MDKP,pb1,VQE,VQE-family,ibm_torino,328,not_available_in_source_artifact,true,22.62,not_available,optimality_gap_percent,0.373260407813,feasible_gap,not_applicable,circle,MDKP,research_benchmark/research_benchmark/results_hardware/mkp/mkp_vqe/pb1_dat/result.json; metadata_selection=trace_best_sample_energy_match
MDKP,pb2,VQE,VQE-family,ibm_torino,295,not_available_in_source_artifact,true,26.77,not_available,optimality_gap_percent,0.412165561938,feasible_gap,not_applicable,circle,MDKP,research_benchmark/research_benchmark/results_hardware/mkp/mkp_vqe/pb2_dat/result.json; metadata_selection=trace_best_sample_energy_match
MDKP,pb4,VQE,VQE-family,ibm_torino,249,not_available_in_source_artifact,true,33.63,not_available,optimality_gap_percent,0.473254137566,feasible_gap,not_applicable,circle,MDKP,research_benchmark/research_benchmark/results_hardware/mkp/mkp_vqe/pb4_dat/result.json; metadata_selection=trace_best_sample_energy_match
MDKP,pb5,VQE,VQE-family,ibm_torino,847,not_available_in_source_artifact,true,29.73,not_available,optimality_gap_percent,0.0784872458853,feasible_gap,not_applicable,circle,MDKP,research_benchmark/research_benchmark/results_hardware/mkp/mkp_vqe/pb5_dat/result.json; metadata_selection=trace_best_sample_energy_match
MDKP,pet2,VQE,VQE-family,ibm_torino,354,not_available_in_source_artifact,true,16.98,not_available,optimality_gap_percent,0.345212125911,feasible_gap,not_applicable,circle,MDKP,research_benchmark/research_benchmark/results_hardware/mkp/mkp_vqe/pet2_dat/result.json; metadata_selection=trace_best_sample_energy_match
MDKP,pet3,VQE,VQE-family,ibm_torino,324,not_available_in_source_artifact,true,32.38,not_available,optimality_gap_percent,0.377773328767,feasible_gap,not_applicable,circle,MDKP,research_benchmark/research_benchmark/results_hardware/mkp/mkp_vqe/pet3_dat/result.json; metadata_selection=trace_best_sample_energy_match
MDKP,pet4,VQE,VQE-family,ibm_torino,516,not_available_in_source_artifact,true,44.69,not_available,optimality_gap_percent,0.212178653399,feasible_gap,not_applicable,circle,MDKP,research_benchmark/research_benchmark/results_hardware/mkp/mkp_vqe/pet4_dat/result.json; metadata_selection=trace_best_sample_energy_match
MDKP,pet5,VQE,VQE-family,ibm_torino,1016,not_available_in_source_artifact,true,25.65,not_available,optimality_gap_percent,0.0472368408376,feasible_gap,not_applicable,circle,MDKP,research_benchmark/research_benchmark/results_hardware/mkp/mkp_vqe/pet5_dat/result.json; metadata_selection=trace_best_sample_energy_match
MDKP,pet6,VQE,VQE-family,ibm_torino,336,not_available_in_source_artifact,true,20.24,not_available,optimality_gap_percent,0.364395657389,feasible_gap,not_applicable,circle,MDKP,research_benchmark/research_benchmark/results_hardware/mkp/mkp_vqe/pet6_dat/result.json; metadata_selection=trace_best_sample_energy_match
MDKP,pet7,VQE,VQE-family,ibm_torino,300,not_available_in_source_artifact,true,23.28,not_available,optimality_gap_percent,0.406020062292,feasible_gap,not_applicable,circle,MDKP,research_benchmark/research_benchmark/results_hardware/mkp/mkp_vqe/pet7_dat/result.json; metadata_selection=trace_best_sample_energy_match
MDKP,hp1,WS-QAOA,QAOA-family,ibm_torino,23114,not_available_in_source_artifact,true,23.61,not_available,optimality_gap_percent,6.91654513929e-31,feasible_gap,not_applicable,downward_triangle,MDKP,research_benchmark/research_benchmark/results_hardware/mkp/mkp_ws_qaoa/hp1_dat/result.json; metadata_selection=trace_best_sample_energy_match
MDKP,hp2,WS-QAOA,QAOA-family,ibm_torino,29111,not_available_in_source_artifact,true,29.19,not_available,optimality_gap_percent,1.0345550634e-38,feasible_gap,not_applicable,downward_triangle,MDKP,research_benchmark/research_benchmark/results_hardware/mkp/mkp_ws_qaoa/hp2_dat/result.json; metadata_selection=trace_best_sample_energy_match
MDKP,pb1,WS-QAOA,QAOA-family,ibm_torino,21601,not_available_in_source_artifact,true,28.45,not_available,optimality_gap_percent,6.51800501195e-29,feasible_gap,not_applicable,downward_triangle,MDKP,research_benchmark/research_benchmark/results_hardware/mkp/mkp_ws_qaoa/pb1_dat/result.json; metadata_selection=trace_best_sample_energy_match
MDKP,pb2,WS-QAOA,QAOA-family,ibm_torino,28131,not_available_in_source_artifact,true,33.93,not_available,optimality_gap_percent,1.96561503401e-37,feasible_gap,not_applicable,downward_triangle,MDKP,research_benchmark/research_benchmark/results_hardware/mkp/mkp_ws_qaoa/pb2_dat/result.json; metadata_selection=trace_best_sample_energy_match
MDKP,pb4,WS-QAOA,QAOA-family,ibm_torino,11698,not_available_in_source_artifact,true,43.13,not_available,optimality_gap_percent,5.44454923835e-16,feasible_gap,not_applicable,downward_triangle,MDKP,research_benchmark/research_benchmark/results_hardware/mkp/mkp_ws_qaoa/pb4_dat/result.json; metadata_selection=trace_best_sample_energy_match
MDKP,pb5,WS-QAOA,QAOA-family,ibm_torino,47419,not_available_in_source_artifact,true,20.8,not_available,optimality_gap_percent,1.33570939412e-62,feasible_gap,not_applicable,downward_triangle,MDKP,research_benchmark/research_benchmark/results_hardware/mkp/mkp_ws_qaoa/pb5_dat/result.json; metadata_selection=trace_best_sample_energy_match
MDKP,pet2,WS-QAOA,QAOA-family,ibm_torino,23458,not_available_in_source_artifact,true,1.28,not_available,optimality_gap_percent,2.46050173053e-31,feasible_gap,not_applicable,downward_triangle,MDKP,research_benchmark/research_benchmark/results_hardware/mkp/mkp_ws_qaoa/pet2_dat/result.json; metadata_selection=trace_best_sample_energy_match
MDKP,pet3,WS-QAOA,QAOA-family,ibm_fez,32589,not_available_in_source_artifact,true,36.74,not_available,optimality_gap_percent,2.99580967189e-43,feasible_gap,not_applicable,downward_triangle,MDKP,research_benchmark/research_benchmark/results_hardware/mkp/mkp_ws_qaoa/pet3_dat/result.json; metadata_selection=trace_best_sample_energy_match
MDKP,pet4,WS-QAOA,QAOA-family,ibm_torino,41282,not_available_in_source_artifact,true,25.65,not_available,optimality_gap_percent,1.35995776716e-54,feasible_gap,not_applicable,downward_triangle,MDKP,research_benchmark/research_benchmark/results_hardware/mkp/mkp_ws_qaoa/pet4_dat/result.json; metadata_selection=trace_best_sample_energy_match
MDKP,pet5,WS-QAOA,QAOA-family,ibm_torino,64628,not_available_in_source_artifact,true,13.79,not_available,optimality_gap_percent,4.68480335096e-85,feasible_gap,not_applicable,downward_triangle,MDKP,research_benchmark/research_benchmark/results_hardware/mkp/mkp_ws_qaoa/pet5_dat/result.json; metadata_selection=trace_best_sample_energy_match
MDKP,pet6,WS-QAOA,QAOA-family,ibm_torino,45559,not_available_in_source_artifact,true,30.45,not_available,optimality_gap_percent,3.57040531819e-60,feasible_gap,not_applicable,downward_triangle,MDKP,research_benchmark/research_benchmark/results_hardware/mkp/mkp_ws_qaoa/pet6_dat/result.json; metadata_selection=trace_best_sample_energy_match
MDKP,pet7,WS-QAOA,QAOA-family,ibm_torino,65953,not_available_in_source_artifact,true,27.62,not_available,optimality_gap_percent,8.74532852302e-87,feasible_gap,not_applicable,downward_triangle,MDKP,research_benchmark/research_benchmark/results_hardware/mkp/mkp_ws_qaoa/pet7_dat/result.json; metadata_selection=trace_best_sample_energy_match
QAP,chr12a,CVaR-VQE,VQE-family,ibm_marrakesh,1389,not_available_in_source_artifact,false,not_available,not_available,not_applicable,0.0154019211215,infeasible_lane,QAP,square,QAP,research_benchmark/research_benchmark/results_hardware/qap/qap_cvar_vqe/chr12a_dat/result.json; metadata_selection=trace_best_sample_energy_match
QAP,chr12b,CVaR-VQE,VQE-family,ibm_marrakesh,1329,not_available_in_source_artifact,false,not_available,not_available,not_applicable,0.0184444366975,infeasible_lane,QAP,square,QAP,research_benchmark/research_benchmark/results_hardware/qap/qap_cvar_vqe/chr12b_dat/result.json; metadata_selection=trace_best_sample_energy_match
QAP,chr12c,CVaR-VQE,VQE-family,ibm_marrakesh,1389,not_available_in_source_artifact,false,not_available,not_available,not_applicable,0.0154019211215,infeasible_lane,QAP,square,QAP,research_benchmark/research_benchmark/results_hardware/qap/qap_cvar_vqe/chr12c_dat/result.json; metadata_selection=trace_best_sample_energy_match
QAP,had12,CVaR-VQE,VQE-family,ibm_marrakesh,1389,not_available_in_source_artifact,false,not_available,not_available,not_applicable,0.0154019211215,infeasible_lane,QAP,square,QAP,research_benchmark/research_benchmark/results_hardware/qap/qap_cvar_vqe/had12_dat/result.json; metadata_selection=trace_best_sample_energy_match
QAP,nug12,CVaR-VQE,VQE-family,ibm_fez,1580,not_available_in_source_artifact,false,not_available,not_available,not_applicable,0.00867661110643,infeasible_lane,QAP,square,QAP,research_benchmark/research_benchmark/results_hardware/qap/qap_cvar_vqe/nug12_dat/result.json; metadata_selection=trace_best_sample_energy_match
QAP,rou12,CVaR-VQE,VQE-family,ibm_fez,1580,not_available_in_source_artifact,false,not_available,not_available,not_applicable,0.00867661110643,infeasible_lane,QAP,square,QAP,research_benchmark/research_benchmark/results_hardware/qap/qap_cvar_vqe/rou12_dat/result.json; metadata_selection=trace_best_sample_energy_match
QAP,scr12,CVaR-VQE,VQE-family,ibm_fez,1580,not_available_in_source_artifact,false,not_available,not_available,not_applicable,0.00867661110643,infeasible_lane,QAP,square,QAP,research_benchmark/research_benchmark/results_hardware/qap/qap_cvar_vqe/scr12_dat/result.json; metadata_selection=trace_best_sample_energy_match
QAP,tai10a,CVaR-VQE,VQE-family,ibm_torino,300,not_available_in_source_artifact,false,not_available,not_available,not_applicable,0.406020062292,infeasible_lane,QAP,square,QAP,research_benchmark/research_benchmark/results_hardware/qap/qap_cvar_vqe/tai10a_dat/result.json; metadata_selection=trace_best_sample_energy_match
QAP,tai10b,CVaR-VQE,VQE-family,ibm_torino,300,not_available_in_source_artifact,false,not_available,not_available,not_applicable,0.406020062292,infeasible_lane,QAP,square,QAP,research_benchmark/research_benchmark/results_hardware/qap/qap_cvar_vqe/tai10b_dat/result.json; metadata_selection=trace_best_sample_energy_match
QAP,tai12a,CVaR-VQE,VQE-family,ibm_fez,1580,not_available_in_source_artifact,false,not_available,not_available,not_applicable,0.00867661110643,infeasible_lane,QAP,square,QAP,research_benchmark/research_benchmark/results_hardware/qap/qap_cvar_vqe/tai12a_dat/result.json; metadata_selection=trace_best_sample_energy_match
QAP,tai12b,CVaR-VQE,VQE-family,ibm_fez,1580,not_available_in_source_artifact,false,not_available,not_available,not_applicable,0.00867661110643,infeasible_lane,QAP,square,QAP,research_benchmark/research_benchmark/results_hardware/qap/qap_cvar_vqe/tai12b_dat/result.json; metadata_selection=trace_best_sample_energy_match
QAP,chr12a,MA-QAOA,QAOA-family,ibm_fez,83724,not_available_in_source_artifact,false,not_available,not_available,not_applicable,5.66806060273e-110,infeasible_lane,QAP,diamond,QAP,research_benchmark/research_benchmark/results_hardware/qap/qap_ma_qaoa/chr12a_dat/result.json; metadata_selection=trace_best_sample_energy_match
QAP,chr12b,MA-QAOA,QAOA-family,ibm_marrakesh,84276,not_available_in_source_artifact,false,not_available,not_available,not_applicable,1.07934894931e-110,infeasible_lane,QAP,diamond,QAP,research_benchmark/research_benchmark/results_hardware/qap/qap_ma_qaoa/chr12b_dat/result.json; metadata_selection=trace_best_sample_energy_match
QAP,chr12c,MA-QAOA,QAOA-family,ibm_marrakesh,84276,not_available_in_source_artifact,false,not_available,not_available,not_applicable,1.07934894931e-110,infeasible_lane,QAP,diamond,QAP,research_benchmark/research_benchmark/results_hardware/qap/qap_ma_qaoa/chr12c_dat/result.json; metadata_selection=trace_best_sample_energy_match
QAP,had12,QAOA,QAOA-family,ibm_fez,173096,not_available_in_source_artifact,false,not_available,not_available,not_applicable,1.37127044058e-226,infeasible_lane,QAP,upward_triangle,QAP,research_benchmark/research_benchmark/results_hardware/qap/qap_ma_qaoa/had12_dat/result.json; metadata_selection=trace_best_sample_energy_match
QAP,nug12,MA-QAOA,QAOA-family,ibm_marrakesh,159279,not_available_in_source_artifact,false,not_available,not_available,not_applicable,1.46595528055e-208,infeasible_lane,QAP,diamond,QAP,research_benchmark/research_benchmark/results_hardware/qap/qap_ma_qaoa/nug12_dat/result.json; metadata_selection=trace_best_sample_energy_match
QAP,rou12,QAOA,QAOA-family,ibm_fez,173096,not_available_in_source_artifact,false,not_available,not_available,not_applicable,1.37127044058e-226,infeasible_lane,QAP,upward_triangle,QAP,research_benchmark/research_benchmark/results_hardware/qap/qap_ma_qaoa/rou12_dat/result.json; metadata_selection=trace_best_sample_energy_match
QAP,scr12,MA-QAOA,QAOA-family,ibm_fez,127688,not_available_in_source_artifact,false,not_available,not_available,not_applicable,2.4399138861e-167,infeasible_lane,QAP,diamond,QAP,research_benchmark/research_benchmark/results_hardware/qap/qap_ma_qaoa/scr12_dat/result.json; metadata_selection=trace_best_sample_energy_match
QAP,tai10a,MA-QAOA,QAOA-family,ibm_torino,80095,not_available_in_source_artifact,false,not_available,not_available,not_applicable,3.08109416892e-105,infeasible_lane,QAP,diamond,QAP,research_benchmark/research_benchmark/results_hardware/qap/qap_ma_qaoa/tai10a_dat/result.json; metadata_selection=trace_best_sample_energy_match
QAP,tai10b,MA-QAOA,QAOA-family,ibm_fez,78718,not_available_in_source_artifact,false,not_available,not_available,not_applicable,1.92962082235e-103,infeasible_lane,QAP,diamond,QAP,research_benchmark/research_benchmark/results_hardware/qap/qap_ma_qaoa/tai10b_dat/result.json; metadata_selection=trace_best_sample_energy_match
QAP,tai12a,QAOA,QAOA-family,ibm_fez,170894,not_available_in_source_artifact,false,not_available,not_available,not_applicable,1.02419938824e-223,infeasible_lane,QAP,upward_triangle,QAP,research_benchmark/research_benchmark/results_hardware/qap/qap_ma_qaoa/tai12a_dat/result.json; metadata_selection=trace_best_sample_energy_match
QAP,tai12b,MA-QAOA,QAOA-family,ibm_fez,167992,not_available_in_source_artifact,false,not_available,not_available,not_applicable,6.2666449809e-220,infeasible_lane,QAP,diamond,QAP,research_benchmark/research_benchmark/results_hardware/qap/qap_ma_qaoa/tai12b_dat/result.json; metadata_selection=trace_best_sample_energy_match
QAP,chr12a,PCE,PCE,ibm_torino,440,not_available_in_source_artifact,false,not_available,not_available,not_applicable,0.266605839219,infeasible_lane,QAP,pentagon,QAP,research_benchmark/research_benchmark/results_hardware/qap/qap_pce/chr12a_dat/result.json; metadata_selection=trace_best_sample_energy_match
QAP,chr12b,PCE,PCE,ibm_fez,440,not_available_in_source_artifact,false,not_available,not_available,not_applicable,0.266605839219,infeasible_lane,QAP,pentagon,QAP,research_benchmark/research_benchmark/results_hardware/qap/qap_pce/chr12b_dat/result.json; metadata_selection=trace_best_sample_energy_match
QAP,chr12c,PCE,PCE,ibm_fez,440,not_available_in_source_artifact,false,not_available,not_available,not_applicable,0.266605839219,infeasible_lane,QAP,pentagon,QAP,research_benchmark/research_benchmark/results_hardware/qap/qap_pce/chr12c_dat/result.json; metadata_selection=trace_best_sample_energy_match
QAP,had12,PCE,PCE,ibm_fez,20,not_available_in_source_artifact,false,not_available,not_available,not_applicable,0.941679608706,infeasible_lane,QAP,pentagon,QAP,research_benchmark/research_benchmark/results_hardware/qap/qap_pce/had12_dat/result.json; metadata_selection=trace_best_sample_energy_match
QAP,nug12,PCE,PCE,ibm_fez,20,not_available_in_source_artifact,false,not_available,not_available,not_applicable,0.941679608706,infeasible_lane,QAP,pentagon,QAP,research_benchmark/research_benchmark/results_hardware/qap/qap_pce/nug12_dat/result.json; metadata_selection=trace_best_sample_energy_match
QAP,rou12,PCE,PCE,aer_simulator_mps,20,not_available_in_source_artifact,false,not_available,not_available,not_applicable,0.941679608706,infeasible_lane,QAP,pentagon,QAP,research_benchmark/research_benchmark/results_hardware/qap/qap_pce/rou12_dat/result.json; metadata_selection=trace_best_sample_energy_match
QAP,chr12a,QAOA,QAOA-family,ibm_fez,84111,not_available_in_source_artifact,false,not_available,not_available,not_applicable,1.77198789873e-110,infeasible_lane,QAP,upward_triangle,QAP,research_benchmark/research_benchmark/results_hardware/qap/qap_qaoa/chr12a_dat/result.json; metadata_selection=trace_best_sample_energy_match
QAP,chr12b,QAOA,QAOA-family,ibm_fez,84111,not_available_in_source_artifact,false,not_available,not_available,not_applicable,1.77198789873e-110,infeasible_lane,QAP,upward_triangle,QAP,research_benchmark/research_benchmark/results_hardware/qap/qap_qaoa/chr12b_dat/result.json; metadata_selection=trace_best_sample_energy_match
QAP,chr12c,QAOA,QAOA-family,ibm_fez,84111,not_available_in_source_artifact,false,not_available,not_available,not_applicable,1.77198789873e-110,infeasible_lane,QAP,upward_triangle,QAP,research_benchmark/research_benchmark/results_hardware/qap/qap_qaoa/chr12c_dat/result.json; metadata_selection=trace_best_sample_energy_match
QAP,had12,QAOA,QAOA-family,ibm_fez,84111,not_available_in_source_artifact,false,not_available,not_available,not_applicable,1.77198789873e-110,infeasible_lane,QAP,upward_triangle,QAP,research_benchmark/research_benchmark/results_hardware/qap/qap_qaoa/had12_dat/result.json; metadata_selection=trace_best_sample_energy_match
QAP,nug12,QAOA,QAOA-family,ibm_marrakesh,158163,not_available_in_source_artifact,false,not_available,not_available,not_applicable,4.19106162206e-207,infeasible_lane,QAP,upward_triangle,QAP,research_benchmark/research_benchmark/results_hardware/qap/qap_qaoa/nug12_dat/result.json; metadata_selection=trace_best_sample_energy_match
QAP,rou12,QAOA,QAOA-family,ibm_marrakesh,158163,not_available_in_source_artifact,false,not_available,not_available,not_applicable,4.19106162206e-207,infeasible_lane,QAP,upward_triangle,QAP,research_benchmark/research_benchmark/results_hardware/qap/qap_qaoa/rou12_dat/result.json; metadata_selection=trace_best_sample_energy_match
QAP,scr12,QAOA,QAOA-family,ibm_marrakesh,158163,not_available_in_source_artifact,false,not_available,not_available,not_applicable,4.19106162206e-207,infeasible_lane,QAP,upward_triangle,QAP,research_benchmark/research_benchmark/results_hardware/qap/qap_qaoa/scr12_dat/result.json; metadata_selection=trace_best_sample_energy_match
QAP,tai10a,QAOA,QAOA-family,ibm_marrakesh,79041,not_available_in_source_artifact,false,not_available,not_available,not_applicable,7.31152739536e-104,infeasible_lane,QAP,upward_triangle,QAP,research_benchmark/research_benchmark/results_hardware/qap/qap_qaoa/tai10a_dat/result.json; metadata_selection=trace_best_sample_energy_match
QAP,tai10b,QAOA,QAOA-family,ibm_marrakesh,79041,not_available_in_source_artifact,false,not_available,not_available,not_applicable,7.31152739536e-104,infeasible_lane,QAP,upward_triangle,QAP,research_benchmark/research_benchmark/results_hardware/qap/qap_qaoa/tai10b_dat/result.json; metadata_selection=trace_best_sample_energy_match
QAP,tai12a,QAOA,QAOA-family,ibm_marrakesh,158163,not_available_in_source_artifact,false,not_available,not_available,not_applicable,4.19106162206e-207,infeasible_lane,QAP,upward_triangle,QAP,research_benchmark/research_benchmark/results_hardware/qap/qap_qaoa/tai12a_dat/result.json; metadata_selection=trace_best_sample_energy_match
QAP,tai12b,QAOA,QAOA-family,ibm_marrakesh,158163,not_available_in_source_artifact,false,not_available,not_available,not_applicable,4.19106162206e-207,infeasible_lane,QAP,upward_triangle,QAP,research_benchmark/research_benchmark/results_hardware/qap/qap_qaoa/tai12b_dat/result.json; metadata_selection=trace_best_sample_energy_match
QAP,chr12a,QRAO,QRAO,ibm_fez,165,not_available_in_source_artifact,false,not_available,not_available,not_applicable,0.609117562306,infeasible_lane,QAP,X,QAP,research_benchmark/research_benchmark/results_hardware/qap/qap_qrao/chr12a_dat/result.json; metadata_selection=trace_last_metadata_fallback
QAP,chr12b,QRAO,QRAO,ibm_fez,183,not_available_in_source_artifact,false,not_available,not_available,not_applicable,0.577050698462,infeasible_lane,QAP,X,QAP,research_benchmark/research_benchmark/results_hardware/qap/qap_qrao/chr12b_dat/result.json; metadata_selection=trace_last_metadata_fallback
QAP,chr12c,QRAO,QRAO,ibm_fez,159,not_available_in_source_artifact,false,not_available,not_available,not_applicable,0.620197728887,infeasible_lane,QAP,X,QAP,research_benchmark/research_benchmark/results_hardware/qap/qap_qrao/chr12c_dat/result.json; metadata_selection=trace_last_metadata_fallback
QAP,had12,QRAO,QRAO,ibm_fez,1047,not_available_in_source_artifact,false,not_available,not_available,not_applicable,0.043035886385,infeasible_lane,QAP,X,QAP,research_benchmark/research_benchmark/results_hardware/qap/qap_qrao/had12_dat/result.json; metadata_selection=trace_last_metadata_fallback
QAP,nug12,QRAO,QRAO,ibm_fez,186,not_available_in_source_artifact,false,not_available,not_available,not_applicable,0.571872806965,infeasible_lane,QAP,X,QAP,research_benchmark/research_benchmark/results_hardware/qap/qap_qrao/nug12_dat/result.json; metadata_selection=trace_last_metadata_fallback
QAP,rou12,QRAO,QRAO,ibm_torino,1361,not_available_in_source_artifact,false,not_available,not_available,not_applicable,0.0167536894947,infeasible_lane,QAP,X,QAP,research_benchmark/research_benchmark/results_hardware/qap/qap_qrao/rou12_dat/result.json; metadata_selection=trace_last_metadata_fallback
QAP,scr12,QRAO,QRAO,ibm_fez,177,not_available_in_source_artifact,false,not_available,not_available,not_applicable,0.587547552042,infeasible_lane,QAP,X,QAP,research_benchmark/research_benchmark/results_hardware/qap/qap_qrao/scr12_dat/result.json; metadata_selection=trace_last_metadata_fallback
QAP,chr12a,VQE,VQE-family,ibm_fez,1323,not_available_in_source_artifact,false,not_available,not_available,not_applicable,0.018779950634,infeasible_lane,QAP,circle,QAP,research_benchmark/research_benchmark/results_hardware/qap/qap_vqe/chr12a_dat/result.json; metadata_selection=trace_best_sample_energy_match
QAP,chr12b,VQE,VQE-family,ibm_fez,1323,not_available_in_source_artifact,false,not_available,not_available,not_applicable,0.018779950634,infeasible_lane,QAP,circle,QAP,research_benchmark/research_benchmark/results_hardware/qap/qap_vqe/chr12b_dat/result.json; metadata_selection=trace_best_sample_energy_match
QAP,chr12c,VQE,VQE-family,ibm_fez,1218,not_available_in_source_artifact,false,not_available,not_available,not_applicable,0.0257455885055,infeasible_lane,QAP,circle,QAP,research_benchmark/research_benchmark/results_hardware/qap/qap_vqe/chr12c_dat/result.json; metadata_selection=trace_best_sample_energy_match
QAP,had12,VQE,VQE-family,ibm_fez,1218,not_available_in_source_artifact,false,not_available,not_available,not_applicable,0.0257455885055,infeasible_lane,QAP,circle,QAP,research_benchmark/research_benchmark/results_hardware/qap/qap_vqe/had12_dat/result.json; metadata_selection=trace_best_sample_energy_match
QAP,nug12,VQE,VQE-family,ibm_fez,1218,not_available_in_source_artifact,false,not_available,not_available,not_applicable,0.0257455885055,infeasible_lane,QAP,circle,QAP,research_benchmark/research_benchmark/results_hardware/qap/qap_vqe/nug12_dat/result.json; metadata_selection=trace_best_sample_energy_match
QAP,rou12,VQE,VQE-family,ibm_fez,1218,not_available_in_source_artifact,false,not_available,not_available,not_applicable,0.0257455885055,infeasible_lane,QAP,circle,QAP,research_benchmark/research_benchmark/results_hardware/qap/qap_vqe/rou12_dat/result.json; metadata_selection=trace_best_sample_energy_match
QAP,scr12,VQE,VQE-family,ibm_fez,1218,not_available_in_source_artifact,false,not_available,not_available,not_applicable,0.0257455885055,infeasible_lane,QAP,circle,QAP,research_benchmark/research_benchmark/results_hardware/qap/qap_vqe/scr12_dat/result.json; metadata_selection=trace_best_sample_energy_match
QAP,tai10a,VQE,VQE-family,ibm_torino,300,not_available_in_source_artifact,false,not_available,not_available,not_applicable,0.406020062292,infeasible_lane,QAP,circle,QAP,research_benchmark/research_benchmark/results_hardware/qap/qap_vqe/tai10a_dat/result.json; metadata_selection=trace_best_sample_energy_match
QAP,tai10b,VQE,VQE-family,ibm_torino,300,not_available_in_source_artifact,false,not_available,not_available,not_applicable,0.406020062292,infeasible_lane,QAP,circle,QAP,research_benchmark/research_benchmark/results_hardware/qap/qap_vqe/tai10b_dat/result.json; metadata_selection=trace_best_sample_energy_match
QAP,tai12a,VQE,VQE-family,ibm_fez,1218,not_available_in_source_artifact,false,not_available,not_available,not_applicable,0.0257455885055,infeasible_lane,QAP,circle,QAP,research_benchmark/research_benchmark/results_hardware/qap/qap_vqe/tai12a_dat/result.json; metadata_selection=trace_best_sample_energy_match
QAP,tai12b,VQE,VQE-family,ibm_fez,1134,not_available_in_source_artifact,false,not_available,not_available,not_applicable,0.0331367205604,infeasible_lane,QAP,circle,QAP,research_benchmark/research_benchmark/results_hardware/qap/qap_vqe/tai12b_dat/result.json; metadata_selection=trace_best_sample_energy_match
QAP,chr12a,WS-QAOA,QAOA-family,ibm_marrakesh,82789,not_available_in_source_artifact,false,not_available,not_available,not_applicable,9.40722353038e-109,infeasible_lane,QAP,downward_triangle,QAP,research_benchmark/research_benchmark/results_hardware/qap/qap_ws_qaoa/chr12a_dat/result.json; metadata_selection=trace_best_sample_energy_match
QAP,chr12b,WS-QAOA,QAOA-family,ibm_marrakesh,82789,not_available_in_source_artifact,false,not_available,not_available,not_applicable,9.40722353038e-109,infeasible_lane,QAP,downward_triangle,QAP,research_benchmark/research_benchmark/results_hardware/qap/qap_ws_qaoa/chr12b_dat/result.json; metadata_selection=trace_best_sample_energy_match
QAP,chr12c,WS-QAOA,QAOA-family,ibm_marrakesh,82789,not_available_in_source_artifact,false,not_available,not_available,not_applicable,9.40722353038e-109,infeasible_lane,QAP,downward_triangle,QAP,research_benchmark/research_benchmark/results_hardware/qap/qap_ws_qaoa/chr12c_dat/result.json; metadata_selection=trace_best_sample_energy_match
QAP,had12,WS-QAOA,QAOA-family,ibm_marrakesh,82789,not_available_in_source_artifact,false,not_available,not_available,not_applicable,9.40722353038e-109,infeasible_lane,QAP,downward_triangle,QAP,research_benchmark/research_benchmark/results_hardware/qap/qap_ws_qaoa/had12_dat/result.json; metadata_selection=trace_best_sample_energy_match
QAP,nug12,WS-QAOA,QAOA-family,ibm_marrakesh,159153,not_available_in_source_artifact,false,not_available,not_available,not_applicable,2.14057660677e-208,infeasible_lane,QAP,downward_triangle,QAP,research_benchmark/research_benchmark/results_hardware/qap/qap_ws_qaoa/nug12_dat/result.json; metadata_selection=trace_best_sample_energy_match
QAP,rou12,WS-QAOA,QAOA-family,ibm_marrakesh,159153,not_available_in_source_artifact,false,not_available,not_available,not_applicable,2.14057660677e-208,infeasible_lane,QAP,downward_triangle,QAP,research_benchmark/research_benchmark/results_hardware/qap/qap_ws_qaoa/rou12_dat/result.json; metadata_selection=trace_best_sample_energy_match
QAP,scr12,WS-QAOA,QAOA-family,ibm_marrakesh,159153,not_available_in_source_artifact,false,not_available,not_available,not_applicable,2.14057660677e-208,infeasible_lane,QAP,downward_triangle,QAP,research_benchmark/research_benchmark/results_hardware/qap/qap_ws_qaoa/scr12_dat/result.json; metadata_selection=trace_best_sample_energy_match
QAP,tai10a,WS-QAOA,QAOA-family,ibm_marrakesh,77609,not_available_in_source_artifact,false,not_available,not_available,not_applicable,5.40183617959e-102,infeasible_lane,QAP,downward_triangle,QAP,research_benchmark/research_benchmark/results_hardware/qap/qap_ws_qaoa/tai10a_dat/result.json; metadata_selection=trace_best_sample_energy_match
QAP,tai10b,WS-QAOA,QAOA-family,ibm_marrakesh,77609,not_available_in_source_artifact,false,not_available,not_available,not_applicable,5.40183617959e-102,infeasible_lane,QAP,downward_triangle,QAP,research_benchmark/research_benchmark/results_hardware/qap/qap_ws_qaoa/tai10b_dat/result.json; metadata_selection=trace_best_sample_energy_match
